{
  "type": "cgshop2024_solution",
  "name": "jigsaw_a_10_3_66",
  "num_included_items": 10,
  "meta": {
    "algorithm": "BASELINE"
  },
  "item_indices": [
    47,
    54,
    33,
    0,
    13,
    44,
    25,
    19,
    60,
    38
  ],
  "x_translations": [
    16193684,
    43521698,
    15212902,
    40263186,
    74886978,
    97522346,
    27120468,
    57738536,
    83570300,
    126492948
  ],
  "y_translations": [
    13396056,
    13396056,
    54794524,
    54794524,
    54794524,
    54794524,
    101729000,
    101729000,
    101729000,
    101729000
  ]
}