{
  "type": "cgshop2024_solution",
  "name": "jigsaw_b_10_3_77",
  "num_included_items": 9,
  "meta": {
    "algorithm": "BASELINE"
  },
  "item_indices": [
    52,
    74,
    41,
    6,
    9,
    31,
    22,
    33,
    55
  ],
  "x_translations": [
    60502612,
    52643720,
    81694152,
    102181736,
    84633248,
    144332500,
    53375182,
    76537904,
    132481306
  ],
  "y_translations": [
    14220128,
    39166064,
    14220128,
    14220128,
    39166064,
    39166064,
    95380312,
    95380312,
    14220128
  ]
}