{
  "type": "cgshop2024_solution",
  "name": "jigsaw_b_1000_2_34",
  "num_included_items": 11,
  "meta": {
    "algorithm": "BASELINE"
  },
  "item_indices": [
    23,
    17,
    14,
    24,
    6,
    11,
    22,
    18,
    5,
    31,
    2
  ],
  "x_translations": [
    14515023,
    22811005,
    28927933,
    36944904,
    49423141,
    6357316,
    30738302,
    56243991,
    81901601,
    20239066,
    75943080
  ],
  "y_translations": [
    8058955,
    8058955,
    8058955,
    8058955,
    8058955,
    23626826,
    23626826,
    23626826,
    23626826,
    53056474,
    53056474
  ]
}