{
  "type": "cgshop2024_solution",
  "name": "jigsaw_a_1000_3_32",
  "num_included_items": 10,
  "meta": {
    "algorithm": "BASELINE"
  },
  "item_indices": [
    1,
    23,
    4,
    20,
    3,
    16,
    2,
    15,
    9,
    10
  ],
  "x_translations": [
    18496446,
    29536037,
    33412664,
    50106129,
    25446340,
    10950881,
    28542972,
    78239765,
    44546026,
    26878365
  ],
  "y_translations": [
    25029670,
    25029670,
    25029670,
    25029670,
    11384691,
    69588954,
    69588954,
    25029670,
    69588954,
    101846361
  ]
}