{
  "type": "cgshop2024_solution",
  "name": "jigsaw_b_100_3_34",
  "num_included_items": 11,
  "meta": {
    "algorithm": "BASELINE"
  },
  "item_indices": [
    6,
    23,
    12,
    33,
    11,
    3,
    14,
    0,
    21,
    1,
    20
  ],
  "x_translations": [
    6204820,
    21425966,
    49903769,
    68631808,
    60574149,
    75866093,
    94343113,
    7491392,
    31509878,
    49439532,
    73421178
  ],
  "y_translations": [
    22394766,
    22394766,
    22394766,
    71250294,
    22394766,
    22394766,
    22394766,
    45556090,
    45556090,
    45556090,
    45556090
  ]
}