{
  "type": "cgshop2024_solution",
  "name": "random_a_298134_500",
  "num_included_items": 146,
  "meta": {
    "algorithm": "BASELINE"
  },
  "item_indices": [
    117,
    219,
    219,
    219,
    127,
    60,
    91,
    91,
    66,
    73,
    73,
    79,
    79,
    8,
    8,
    8,
    8,
    8,
    8,
    8,
    27,
    27,
    178,
    149,
    166,
    13,
    13,
    64,
    64,
    64,
    64,
    64,
    64,
    64,
    64,
    64,
    64,
    64,
    115,
    176,
    46,
    77,
    78,
    222,
    37,
    195,
    49,
    197,
    197,
    197,
    197,
    197,
    197,
    132,
    55,
    55,
    123,
    48,
    41,
    41,
    41,
    41,
    99,
    218,
    218,
    196,
    196,
    6,
    6,
    6,
    11,
    217,
    217,
    217,
    217,
    76,
    118,
    118,
    118,
    118,
    118,
    118,
    118,
    118,
    118,
    182,
    143,
    42,
    86,
    86,
    86,
    86,
    86,
    86,
    86,
    40,
    40,
    191,
    19,
    19,
    19,
    19,
    19,
    62,
    14,
    14,
    190,
    190,
    16,
    61,
    61,
    61,
    61,
    61,
    4,
    4,
    4,
    116,
    131,
    131,
    131,
    131,
    194,
    194,
    74,
    93,
    33,
    33,
    10,
    10,
    10,
    36,
    36,
    36,
    108,
    126,
    159,
    223,
    223,
    82,
    39,
    231,
    22,
    84,
    84,
    169
  ],
  "x_translations": [
    77,
    107,
    162,
    217,
    128,
    192,
    272,
    298,
    252,
    302,
    360,
    418,
    477,
    324,
    380,
    436,
    492,
    548,
    604,
    660,
    536,
    585,
    634,
    693,
    68,
    180,
    233,
    286,
    344,
    402,
    460,
    518,
    576,
    634,
    692,
    750,
    218,
    276,
    334,
    400,
    455,
    522,
    588,
    617,
    684,
    747,
    828,
    371,
    400,
    429,
    458,
    487,
    516,
    117,
    545,
    559,
    159,
    307,
    255,
    307,
    359,
    411,
    463,
    182,
    206,
    73,
    111,
    149,
    174,
    199,
    224,
    521,
    571,
    621,
    671,
    260,
    309,
    320,
    331,
    342,
    353,
    364,
    375,
    386,
    397,
    408,
    426,
    352,
    230,
    284,
    338,
    392,
    446,
    500,
    554,
    449,
    457,
    465,
    498,
    547,
    596,
    645,
    721,
    770,
    803,
    406,
    862,
    465,
    504,
    538,
    575,
    612,
    649,
    686,
    723,
    762,
    801,
    383,
    425,
    485,
    545,
    605,
    346,
    381,
    665,
    707,
    758,
    794,
    416,
    460,
    504,
    548,
    594,
    640,
    686,
    440,
    487,
    556,
    618,
    725,
    775,
    830,
    438,
    478,
    517,
    556
  ],
  "y_translations": [
    82,
    82,
    82,
    82,
    174,
    174,
    82,
    82,
    174,
    174,
    174,
    174,
    174,
    82,
    82,
    82,
    82,
    82,
    82,
    82,
    174,
    174,
    174,
    174,
    49,
    243,
    243,
    243,
    243,
    243,
    243,
    243,
    243,
    243,
    243,
    243,
    313,
    313,
    313,
    313,
    313,
    313,
    313,
    313,
    313,
    313,
    313,
    20,
    20,
    20,
    20,
    20,
    20,
    49,
    20,
    20,
    49,
    447,
    395,
    395,
    395,
    395,
    395,
    49,
    49,
    127,
    127,
    127,
    127,
    127,
    127,
    395,
    395,
    395,
    395,
    127,
    127,
    127,
    127,
    127,
    127,
    127,
    127,
    127,
    127,
    127,
    127,
    447,
    49,
    49,
    49,
    49,
    49,
    49,
    49,
    127,
    127,
    127,
    127,
    127,
    127,
    127,
    395,
    395,
    395,
    447,
    395,
    447,
    447,
    447,
    447,
    447,
    447,
    447,
    447,
    447,
    447,
    561,
    561,
    561,
    561,
    561,
    526,
    526,
    561,
    561,
    561,
    561,
    526,
    526,
    526,
    526,
    526,
    526,
    526,
    617,
    617,
    617,
    617,
    526,
    526,
    526,
    683,
    683,
    683,
    683
  ]
}