{
  "type": "cgshop2024_solution",
  "name": "random_a_464951_2000",
  "num_included_items": 445,
  "meta": {
    "algorithm": "BASELINE"
  },
  "item_indices": [
    31,
    31,
    410,
    204,
    204,
    204,
    204,
    204,
    204,
    204,
    204,
    204,
    204,
    204,
    488,
    488,
    488,
    488,
    488,
    488,
    488,
    488,
    488,
    488,
    488,
    488,
    520,
    520,
    381,
    54,
    54,
    54,
    54,
    54,
    54,
    54,
    54,
    54,
    415,
    415,
    415,
    415,
    415,
    415,
    230,
    343,
    596,
    517,
    517,
    392,
    392,
    392,
    392,
    392,
    392,
    392,
    272,
    330,
    118,
    69,
    275,
    275,
    459,
    423,
    572,
    283,
    283,
    283,
    7,
    382,
    382,
    414,
    414,
    131,
    131,
    298,
    291,
    291,
    291,
    291,
    291,
    291,
    291,
    182,
    428,
    292,
    266,
    475,
    475,
    475,
    475,
    475,
    475,
    475,
    475,
    475,
    184,
    45,
    45,
    45,
    13,
    13,
    13,
    13,
    13,
    13,
    13,
    13,
    13,
    13,
    13,
    13,
    13,
    13,
    13,
    13,
    384,
    439,
    439,
    21,
    21,
    21,
    21,
    499,
    499,
    499,
    75,
    75,
    75,
    75,
    545,
    545,
    545,
    545,
    368,
    364,
    364,
    364,
    510,
    598,
    598,
    580,
    580,
    580,
    95,
    95,
    95,
    95,
    95,
    95,
    95,
    95,
    95,
    95,
    95,
    95,
    95,
    95,
    95,
    95,
    95,
    95,
    454,
    454,
    155,
    481,
    481,
    71,
    375,
    65,
    65,
    65,
    65,
    65,
    65,
    65,
    65,
    65,
    65,
    65,
    65,
    65,
    548,
    175,
    170,
    170,
    170,
    156,
    156,
    156,
    156,
    113,
    113,
    9,
    34,
    34,
    557,
    557,
    557,
    241,
    241,
    241,
    241,
    241,
    25,
    25,
    412,
    412,
    282,
    282,
    136,
    136,
    136,
    136,
    136,
    136,
    136,
    408,
    408,
    408,
    408,
    408,
    408,
    141,
    141,
    141,
    141,
    141,
    379,
    158,
    158,
    158,
    158,
    158,
    158,
    158,
    158,
    386,
    532,
    277,
    277,
    277,
    277,
    277,
    277,
    277,
    277,
    277,
    277,
    277,
    277,
    277,
    164,
    164,
    164,
    164,
    164,
    213,
    553,
    553,
    553,
    483,
    483,
    483,
    483,
    483,
    0,
    0,
    542,
    432,
    562,
    562,
    119,
    106,
    271,
    271,
    271,
    271,
    271,
    193,
    300,
    378,
    378,
    582,
    39,
    39,
    39,
    39,
    154,
    154,
    154,
    154,
    154,
    51,
    471,
    471,
    471,
    405,
    405,
    405,
    405,
    568,
    15,
    15,
    15,
    88,
    332,
    332,
    101,
    101,
    101,
    489,
    245,
    398,
    456,
    394,
    592,
    592,
    592,
    369,
    477,
    558,
    558,
    344,
    344,
    318,
    212,
    313,
    50,
    50,
    215,
    593,
    425,
    569,
    569,
    569,
    569,
    77,
    325,
    325,
    325,
    325,
    129,
    452,
    372,
    561,
    62,
    62,
    62,
    62,
    62,
    496,
    496,
    478,
    66,
    66,
    66,
    66,
    66,
    66,
    66,
    66,
    100,
    100,
    363,
    389,
    389,
    418,
    438,
    438,
    438,
    438,
    438,
    438,
    438,
    438,
    438,
    455,
    455,
    455,
    72,
    72,
    72,
    72,
    72,
    549,
    549,
    135,
    135,
    135,
    135,
    144,
    144,
    144,
    144,
    144,
    163,
    163,
    163,
    163,
    163,
    163,
    163,
    293,
    293,
    544,
    296,
    296,
    296,
    573,
    374,
    374,
    374,
    422,
    43,
    43,
    413,
    413,
    413,
    413,
    413,
    413,
    413,
    122,
    601,
    601,
    601,
    601,
    601,
    601,
    607,
    132,
    338,
    96,
    115,
    115,
    115,
    115,
    115,
    470,
    470,
    52,
    17,
    30,
    531
  ],
  "x_translations": [
    592,
    683,
    774,
    844,
    933,
    1022,
    1111,
    1200,
    1289,
    1378,
    1467,
    1556,
    1645,
    1734,
    518,
    592,
    666,
    740,
    814,
    888,
    962,
    1036,
    1110,
    1184,
    1258,
    1332,
    440,
    528,
    1406,
    758,
    820,
    882,
    944,
    1006,
    1068,
    1130,
    1192,
    1254,
    1486,
    1554,
    1622,
    1690,
    1758,
    1826,
    1316,
    1397,
    1438,
    1479,
    1524,
    472,
    544,
    616,
    688,
    760,
    832,
    904,
    616,
    708,
    396,
    976,
    797,
    897,
    1067,
    490,
    1077,
    590,
    670,
    750,
    897,
    936,
    1011,
    1086,
    1165,
    1147,
    1184,
    1221,
    1275,
    1329,
    1383,
    1437,
    1491,
    1545,
    1599,
    1653,
    1701,
    1761,
    1842,
    830,
    929,
    1028,
    1127,
    1226,
    1325,
    1424,
    1523,
    1622,
    1721,
    1839,
    310,
    422,
    997,
    1117,
    1237,
    1357,
    1477,
    1597,
    1717,
    1837,
    534,
    654,
    774,
    894,
    1014,
    1134,
    1254,
    1374,
    1494,
    1606,
    1691,
    1776,
    1834,
    1892,
    1950,
    2008,
    236,
    319,
    402,
    457,
    512,
    567,
    622,
    705,
    788,
    871,
    954,
    1030,
    1128,
    1226,
    1324,
    1418,
    1452,
    1486,
    1556,
    1626,
    1696,
    1769,
    1842,
    1915,
    1988,
    146,
    219,
    292,
    365,
    438,
    511,
    584,
    657,
    730,
    803,
    876,
    949,
    1022,
    119,
    173,
    1095,
    1179,
    1230,
    1281,
    227,
    1359,
    1417,
    1475,
    1533,
    1591,
    1649,
    1707,
    1765,
    1823,
    1881,
    1939,
    1997,
    2055,
    248,
    266,
    330,
    413,
    496,
    579,
    601,
    623,
    645,
    667,
    752,
    837,
    932,
    1017,
    1102,
    1228,
    1354,
    1480,
    1536,
    1592,
    1648,
    1704,
    1760,
    1847,
    1934,
    2017,
    70,
    140,
    83,
    166,
    249,
    332,
    415,
    498,
    581,
    98,
    196,
    294,
    392,
    490,
    588,
    664,
    736,
    808,
    880,
    952,
    1024,
    1089,
    1142,
    1195,
    1248,
    1301,
    1354,
    1407,
    1460,
    1513,
    1581,
    1683,
    1781,
    1879,
    1977,
    103,
    201,
    299,
    397,
    495,
    593,
    691,
    789,
    887,
    985,
    1069,
    1153,
    1237,
    1321,
    1405,
    1509,
    1591,
    1673,
    60,
    173,
    286,
    399,
    512,
    1755,
    1829,
    1903,
    625,
    1983,
    2032,
    691,
    804,
    104,
    211,
    318,
    425,
    532,
    686,
    776,
    860,
    986,
    639,
    875,
    992,
    1109,
    1226,
    1112,
    1257,
    1402,
    1547,
    1692,
    1343,
    1480,
    1545,
    1610,
    2100,
    210,
    246,
    282,
    1837,
    1675,
    1739,
    1803,
    1867,
    1951,
    2012,
    138,
    208,
    278,
    348,
    389,
    318,
    464,
    527,
    633,
    726,
    819,
    912,
    949,
    1008,
    1076,
    1144,
    1265,
    1386,
    1497,
    1542,
    1625,
    1723,
    1821,
    1893,
    128,
    214,
    321,
    428,
    535,
    642,
    197,
    269,
    341,
    413,
    485,
    553,
    624,
    721,
    170,
    271,
    372,
    473,
    574,
    777,
    878,
    675,
    979,
    1067,
    1155,
    1243,
    1331,
    1419,
    1507,
    1595,
    740,
    766,
    737,
    820,
    931,
    751,
    1042,
    1131,
    1220,
    1309,
    1398,
    1487,
    1576,
    1665,
    1754,
    792,
    912,
    1032,
    381,
    478,
    575,
    672,
    769,
    806,
    873,
    1152,
    1214,
    1276,
    1338,
    1400,
    1475,
    1550,
    1625,
    1700,
    940,
    1020,
    1100,
    1180,
    1260,
    1340,
    1420,
    378,
    439,
    866,
    500,
    586,
    672,
    758,
    808,
    892,
    976,
    1500,
    924,
    983,
    1060,
    1124,
    1188,
    1252,
    1316,
    1380,
    1444,
    2113,
    1554,
    1647,
    1740,
    1833,
    1926,
    2019,
    1042,
    1126,
    1169,
    1258,
    1337,
    1396,
    1455,
    1514,
    1573,
    1632,
    1723,
    1814,
    1888,
    1952,
    2050
  ],
  "y_translations": [
    178,
    178,
    178,
    178,
    178,
    178,
    178,
    178,
    178,
    178,
    178,
    178,
    178,
    178,
    267,
    267,
    267,
    267,
    267,
    267,
    267,
    267,
    267,
    267,
    267,
    267,
    429,
    429,
    267,
    107,
    107,
    107,
    107,
    107,
    107,
    107,
    107,
    107,
    267,
    267,
    267,
    267,
    267,
    267,
    107,
    107,
    107,
    107,
    107,
    344,
    344,
    344,
    344,
    344,
    344,
    344,
    429,
    429,
    523,
    344,
    429,
    429,
    344,
    523,
    344,
    523,
    523,
    523,
    48,
    48,
    48,
    48,
    48,
    344,
    344,
    344,
    344,
    344,
    344,
    344,
    344,
    344,
    344,
    344,
    344,
    344,
    344,
    523,
    523,
    523,
    523,
    523,
    523,
    523,
    523,
    523,
    523,
    523,
    637,
    637,
    429,
    429,
    429,
    429,
    429,
    429,
    429,
    429,
    637,
    637,
    637,
    637,
    637,
    637,
    637,
    637,
    637,
    637,
    637,
    637,
    637,
    637,
    637,
    637,
    754,
    754,
    754,
    754,
    754,
    754,
    754,
    754,
    754,
    754,
    754,
    754,
    754,
    754,
    754,
    754,
    754,
    754,
    754,
    754,
    754,
    754,
    754,
    754,
    754,
    872,
    872,
    872,
    872,
    872,
    872,
    872,
    872,
    872,
    872,
    872,
    872,
    872,
    938,
    938,
    872,
    872,
    872,
    872,
    938,
    872,
    872,
    872,
    872,
    872,
    872,
    872,
    872,
    872,
    872,
    872,
    872,
    872,
    938,
    938,
    938,
    938,
    938,
    938,
    938,
    938,
    938,
    938,
    938,
    938,
    938,
    938,
    938,
    938,
    938,
    938,
    938,
    938,
    938,
    938,
    938,
    938,
    938,
    938,
    1106,
    1106,
    1157,
    1157,
    1157,
    1157,
    1157,
    1157,
    1157,
    1342,
    1342,
    1342,
    1342,
    1342,
    1342,
    1157,
    1157,
    1157,
    1157,
    1157,
    1157,
    1157,
    1157,
    1157,
    1157,
    1157,
    1157,
    1157,
    1157,
    1157,
    1157,
    1157,
    1157,
    1157,
    1157,
    1244,
    1244,
    1244,
    1244,
    1244,
    1244,
    1244,
    1244,
    1244,
    1244,
    1244,
    1244,
    1244,
    1244,
    1244,
    1244,
    1244,
    1244,
    1443,
    1443,
    1443,
    1443,
    1443,
    1244,
    1244,
    1244,
    1443,
    1244,
    1244,
    1443,
    1443,
    1068,
    1068,
    1068,
    1068,
    1068,
    1342,
    1342,
    1443,
    1443,
    1068,
    1342,
    1342,
    1342,
    1342,
    1443,
    1443,
    1443,
    1443,
    1443,
    1342,
    1342,
    1342,
    1342,
    938,
    1106,
    1106,
    1106,
    1443,
    1342,
    1342,
    1342,
    1342,
    1342,
    1342,
    1572,
    1572,
    1572,
    1572,
    1572,
    1106,
    1572,
    1572,
    1572,
    1572,
    1572,
    1572,
    1572,
    1572,
    1572,
    1572,
    1572,
    1572,
    1572,
    1572,
    1572,
    1572,
    1572,
    1572,
    1711,
    1782,
    1782,
    1782,
    1782,
    1782,
    1862,
    1862,
    1862,
    1862,
    1862,
    1862,
    1862,
    1862,
    1711,
    1711,
    1711,
    1711,
    1711,
    1862,
    1862,
    1711,
    1862,
    1862,
    1862,
    1862,
    1862,
    1862,
    1862,
    1862,
    1782,
    1782,
    1711,
    1711,
    1711,
    1068,
    1711,
    1711,
    1711,
    1711,
    1711,
    1711,
    1711,
    1711,
    1711,
    1782,
    1782,
    1782,
    1106,
    1106,
    1106,
    1106,
    1106,
    1068,
    1068,
    1782,
    1782,
    1782,
    1782,
    1782,
    1782,
    1782,
    1782,
    1782,
    1068,
    1068,
    1068,
    1068,
    1068,
    1068,
    1068,
    1978,
    1978,
    1106,
    1978,
    1978,
    1978,
    1978,
    1978,
    1978,
    1978,
    1068,
    1106,
    1106,
    1978,
    1978,
    1978,
    1978,
    1978,
    1978,
    1978,
    872,
    1068,
    1068,
    1068,
    1068,
    1068,
    1068,
    1106,
    1106,
    1106,
    1106,
    1106,
    1106,
    1106,
    1106,
    1106,
    1106,
    1106,
    1106,
    1106,
    1106,
    1106
  ]
}