{
  "type": "cgshop2024_solution",
  "name": "random_c_458887_500",
  "num_included_items": 67,
  "meta": {
    "algorithm": "BASELINE"
  },
  "item_indices": [
    141,
    42,
    237,
    26,
    79,
    79,
    79,
    79,
    79,
    140,
    140,
    13,
    188,
    188,
    122,
    30,
    85,
    154,
    19,
    193,
    91,
    91,
    183,
    64,
    180,
    184,
    112,
    112,
    134,
    251,
    175,
    103,
    48,
    115,
    115,
    173,
    254,
    230,
    181,
    181,
    232,
    20,
    20,
    234,
    234,
    218,
    218,
    218,
    225,
    10,
    186,
    119,
    119,
    76,
    76,
    76,
    76,
    243,
    243,
    243,
    243,
    244,
    137,
    80,
    80,
    80,
    187
  ],
  "x_translations": [
    219,
    245,
    287,
    302,
    332,
    357,
    382,
    407,
    432,
    46,
    89,
    132,
    457,
    174,
    198,
    236,
    278,
    340,
    355,
    373,
    390,
    0,
    444,
    43,
    54,
    80,
    132,
    160,
    86,
    124,
    168,
    188,
    235,
    269,
    311,
    190,
    353,
    407,
    246,
    294,
    342,
    371,
    401,
    23,
    65,
    107,
    178,
    249,
    320,
    362,
    388,
    73,
    105,
    137,
    166,
    195,
    224,
    253,
    284,
    315,
    346,
    100,
    140,
    181,
    203,
    225,
    247
  ],
  "y_translations": [
    67,
    67,
    67,
    67,
    67,
    67,
    67,
    67,
    67,
    136,
    136,
    136,
    67,
    136,
    136,
    136,
    136,
    136,
    136,
    136,
    136,
    192,
    136,
    226,
    192,
    192,
    192,
    192,
    226,
    226,
    226,
    192,
    192,
    192,
    192,
    226,
    192,
    192,
    226,
    226,
    226,
    226,
    226,
    282,
    282,
    282,
    282,
    282,
    282,
    282,
    282,
    352,
    352,
    352,
    352,
    352,
    352,
    352,
    352,
    352,
    352,
    394,
    394,
    394,
    394,
    394,
    394
  ]
}