{
  "type": "cgshop2024_solution",
  "name": "random_b_228742_1000",
  "num_included_items": 226,
  "meta": {
    "algorithm": "BASELINE"
  },
  "item_indices": [
    324,
    324,
    193,
    130,
    168,
    141,
    330,
    330,
    330,
    281,
    281,
    281,
    16,
    188,
    115,
    115,
    115,
    95,
    95,
    95,
    342,
    319,
    205,
    88,
    88,
    334,
    257,
    110,
    110,
    89,
    89,
    44,
    179,
    240,
    81,
    214,
    71,
    71,
    71,
    71,
    71,
    71,
    71,
    71,
    71,
    71,
    71,
    68,
    68,
    40,
    315,
    86,
    86,
    311,
    311,
    311,
    256,
    37,
    36,
    36,
    367,
    166,
    125,
    125,
    337,
    337,
    337,
    184,
    184,
    176,
    176,
    176,
    176,
    176,
    176,
    176,
    176,
    176,
    176,
    176,
    176,
    176,
    176,
    176,
    120,
    119,
    119,
    331,
    331,
    331,
    331,
    331,
    230,
    96,
    18,
    343,
    343,
    335,
    108,
    298,
    263,
    263,
    263,
    263,
    180,
    180,
    180,
    180,
    180,
    180,
    139,
    111,
    19,
    19,
    366,
    366,
    366,
    7,
    7,
    7,
    7,
    383,
    356,
    356,
    356,
    356,
    356,
    356,
    356,
    356,
    356,
    292,
    292,
    292,
    136,
    136,
    136,
    136,
    136,
    101,
    289,
    289,
    289,
    289,
    64,
    62,
    62,
    62,
    62,
    62,
    62,
    62,
    62,
    62,
    62,
    314,
    312,
    225,
    225,
    225,
    99,
    56,
    56,
    254,
    254,
    238,
    238,
    238,
    238,
    208,
    313,
    266,
    212,
    212,
    201,
    189,
    17,
    17,
    93,
    93,
    93,
    42,
    372,
    372,
    372,
    372,
    372,
    307,
    161,
    161,
    161,
    161,
    74,
    74,
    13,
    365,
    340,
    323,
    247,
    247,
    247,
    61,
    61,
    61,
    61,
    61,
    61,
    61,
    41,
    15,
    15,
    15,
    352,
    352,
    352,
    262,
    255,
    242,
    213,
    222,
    222,
    222,
    222,
    222,
    118,
    354
  ],
  "x_translations": [
    435,
    492,
    549,
    623,
    715,
    782,
    875,
    900,
    925,
    950,
    1036,
    1122,
    1208,
    206,
    275,
    380,
    485,
    590,
    672,
    754,
    836,
    898,
    948,
    1037,
    1161,
    1285,
    51,
    141,
    210,
    279,
    379,
    479,
    541,
    633,
    732,
    788,
    874,
    903,
    932,
    961,
    990,
    1019,
    1048,
    1077,
    1106,
    1135,
    1164,
    1193,
    1269,
    24,
    48,
    129,
    200,
    271,
    353,
    435,
    517,
    606,
    679,
    761,
    843,
    892,
    981,
    1049,
    1117,
    1191,
    1265,
    108,
    216,
    324,
    431,
    538,
    645,
    752,
    859,
    966,
    1073,
    1180,
    1287,
    107,
    214,
    321,
    428,
    535,
    1339,
    642,
    677,
    712,
    792,
    872,
    952,
    1032,
    1112,
    1172,
    1250,
    73,
    146,
    219,
    307,
    375,
    460,
    526,
    592,
    658,
    724,
    807,
    890,
    973,
    1056,
    1139,
    1222,
    1280,
    1330,
    69,
    138,
    210,
    282,
    354,
    416,
    478,
    540,
    602,
    679,
    736,
    793,
    850,
    907,
    964,
    1021,
    1078,
    1135,
    1192,
    1268,
    76,
    152,
    255,
    358,
    461,
    564,
    667,
    738,
    820,
    902,
    984,
    1066,
    1156,
    1218,
    1280,
    1342,
    62,
    124,
    186,
    248,
    310,
    372,
    434,
    460,
    550,
    624,
    698,
    772,
    842,
    878,
    914,
    976,
    1038,
    1118,
    1198,
    1278,
    80,
    123,
    184,
    242,
    327,
    412,
    472,
    543,
    624,
    705,
    773,
    841,
    909,
    988,
    1044,
    1100,
    1156,
    1212,
    1268,
    157,
    226,
    295,
    364,
    433,
    479,
    525,
    598,
    674,
    707,
    759,
    879,
    999,
    257,
    331,
    405,
    479,
    553,
    627,
    701,
    775,
    847,
    919,
    991,
    412,
    515,
    618,
    721,
    789,
    874,
    923,
    578,
    640,
    702,
    764,
    826,
    1399,
    1401
  ],
  "y_translations": [
    140,
    140,
    140,
    140,
    140,
    140,
    140,
    140,
    140,
    140,
    140,
    140,
    140,
    258,
    258,
    258,
    258,
    258,
    258,
    258,
    258,
    258,
    258,
    258,
    258,
    258,
    362,
    362,
    362,
    362,
    362,
    362,
    362,
    362,
    362,
    362,
    362,
    362,
    362,
    362,
    362,
    362,
    362,
    362,
    362,
    362,
    362,
    362,
    362,
    461,
    461,
    461,
    461,
    461,
    461,
    461,
    461,
    461,
    461,
    461,
    461,
    461,
    461,
    461,
    461,
    461,
    461,
    554,
    554,
    554,
    554,
    554,
    554,
    554,
    554,
    554,
    554,
    554,
    554,
    642,
    642,
    642,
    642,
    642,
    461,
    642,
    642,
    642,
    642,
    642,
    642,
    642,
    642,
    642,
    642,
    730,
    730,
    730,
    730,
    730,
    730,
    730,
    730,
    730,
    730,
    730,
    730,
    730,
    730,
    730,
    730,
    730,
    730,
    816,
    816,
    816,
    816,
    816,
    816,
    816,
    816,
    816,
    816,
    816,
    816,
    816,
    816,
    816,
    816,
    816,
    816,
    816,
    816,
    901,
    901,
    901,
    901,
    901,
    901,
    901,
    901,
    901,
    901,
    901,
    901,
    901,
    901,
    901,
    901,
    984,
    984,
    984,
    984,
    984,
    984,
    984,
    984,
    984,
    984,
    984,
    984,
    984,
    984,
    984,
    984,
    984,
    984,
    984,
    984,
    1066,
    1066,
    1066,
    1066,
    1066,
    1066,
    1066,
    1066,
    1066,
    1066,
    1066,
    1066,
    1066,
    1066,
    1066,
    1066,
    1066,
    1066,
    1066,
    1146,
    1146,
    1146,
    1146,
    1146,
    1146,
    1146,
    1146,
    1146,
    1146,
    1146,
    1146,
    1146,
    1223,
    1223,
    1223,
    1223,
    1223,
    1223,
    1223,
    1223,
    1223,
    1223,
    1223,
    1298,
    1298,
    1298,
    1298,
    1298,
    1298,
    1298,
    1372,
    1372,
    1372,
    1372,
    1372,
    730,
    984
  ]
}