{
  "type": "cgshop2024_solution",
  "name": "random_a_880854_1000",
  "num_included_items": 134,
  "meta": {
    "algorithm": "BASELINE"
  },
  "item_indices": [
    9,
    9,
    9,
    9,
    9,
    9,
    9,
    9,
    9,
    373,
    326,
    150,
    85,
    271,
    260,
    211,
    147,
    147,
    201,
    201,
    201,
    201,
    301,
    190,
    256,
    256,
    256,
    256,
    11,
    11,
    30,
    30,
    76,
    76,
    76,
    310,
    310,
    310,
    310,
    310,
    310,
    383,
    171,
    171,
    171,
    252,
    252,
    82,
    82,
    82,
    82,
    82,
    82,
    81,
    177,
    247,
    386,
    386,
    106,
    173,
    26,
    26,
    26,
    26,
    63,
    87,
    87,
    87,
    87,
    87,
    87,
    87,
    87,
    87,
    333,
    360,
    360,
    259,
    287,
    140,
    140,
    140,
    140,
    140,
    140,
    140,
    140,
    334,
    284,
    128,
    275,
    200,
    200,
    200,
    200,
    186,
    339,
    116,
    116,
    368,
    309,
    325,
    344,
    6,
    172,
    172,
    172,
    172,
    34,
    34,
    166,
    207,
    280,
    280,
    179,
    145,
    145,
    145,
    145,
    145,
    145,
    145,
    145,
    145,
    145,
    145,
    145,
    145,
    145,
    145,
    145,
    145,
    145,
    351
  ],
  "x_translations": [
    59,
    104,
    149,
    194,
    239,
    284,
    329,
    374,
    45,
    44,
    71,
    90,
    146,
    202,
    141,
    286,
    90,
    120,
    318,
    330,
    342,
    354,
    366,
    150,
    412,
    464,
    516,
    568,
    196,
    218,
    56,
    112,
    168,
    227,
    286,
    186,
    241,
    296,
    351,
    406,
    461,
    71,
    345,
    384,
    423,
    61,
    122,
    183,
    254,
    325,
    396,
    467,
    538,
    462,
    98,
    539,
    182,
    255,
    141,
    598,
    328,
    388,
    448,
    508,
    180,
    254,
    314,
    374,
    434,
    494,
    554,
    614,
    674,
    734,
    609,
    658,
    719,
    780,
    568,
    651,
    693,
    735,
    777,
    819,
    142,
    184,
    226,
    82,
    136,
    193,
    268,
    291,
    356,
    421,
    486,
    551,
    258,
    639,
    690,
    741,
    313,
    377,
    456,
    491,
    580,
    622,
    664,
    706,
    748,
    810,
    211,
    274,
    338,
    396,
    454,
    530,
    570,
    610,
    650,
    690,
    730,
    770,
    357,
    397,
    437,
    477,
    517,
    557,
    597,
    637,
    677,
    717,
    757,
    528
  ],
  "y_translations": [
    72,
    72,
    72,
    72,
    72,
    72,
    72,
    72,
    132,
    33,
    180,
    132,
    180,
    180,
    132,
    180,
    33,
    33,
    180,
    180,
    180,
    180,
    180,
    33,
    180,
    180,
    180,
    180,
    33,
    33,
    252,
    252,
    252,
    252,
    252,
    132,
    132,
    132,
    132,
    132,
    132,
    307,
    252,
    252,
    252,
    373,
    373,
    373,
    373,
    373,
    373,
    373,
    373,
    252,
    511,
    252,
    511,
    511,
    307,
    252,
    511,
    511,
    511,
    511,
    307,
    307,
    307,
    307,
    307,
    307,
    307,
    307,
    307,
    307,
    373,
    373,
    373,
    373,
    511,
    511,
    511,
    511,
    511,
    511,
    603,
    603,
    603,
    441,
    441,
    441,
    603,
    603,
    603,
    603,
    603,
    603,
    441,
    603,
    603,
    603,
    441,
    441,
    441,
    441,
    441,
    441,
    441,
    441,
    441,
    441,
    698,
    698,
    698,
    698,
    698,
    698,
    698,
    698,
    698,
    698,
    698,
    698,
    771,
    771,
    771,
    771,
    771,
    771,
    771,
    771,
    771,
    771,
    771,
    866
  ]
}