{
  "type": "cgshop2024_solution",
  "name": "random_a_366032_5000",
  "num_included_items": 987,
  "meta": {
    "algorithm": "BASELINE"
  },
  "item_indices": [
    766,
    766,
    785,
    785,
    785,
    785,
    785,
    785,
    785,
    944,
    67,
    116,
    116,
    116,
    116,
    116,
    116,
    116,
    98,
    160,
    160,
    160,
    160,
    160,
    160,
    160,
    160,
    160,
    160,
    160,
    160,
    160,
    160,
    160,
    160,
    160,
    160,
    160,
    160,
    160,
    160,
    160,
    160,
    160,
    160,
    160,
    160,
    160,
    974,
    974,
    986,
    445,
    387,
    687,
    382,
    382,
    382,
    382,
    382,
    382,
    382,
    382,
    920,
    920,
    920,
    920,
    201,
    903,
    603,
    603,
    603,
    603,
    603,
    603,
    603,
    603,
    603,
    152,
    152,
    152,
    152,
    152,
    152,
    152,
    152,
    152,
    152,
    152,
    152,
    152,
    152,
    152,
    152,
    152,
    152,
    152,
    152,
    152,
    152,
    152,
    152,
    673,
    173,
    173,
    399,
    970,
    621,
    621,
    621,
    621,
    621,
    621,
    926,
    759,
    162,
    162,
    162,
    162,
    162,
    162,
    162,
    162,
    162,
    162,
    162,
    108,
    371,
    371,
    371,
    371,
    371,
    371,
    371,
    371,
    371,
    371,
    582,
    582,
    582,
    582,
    79,
    79,
    79,
    248,
    248,
    248,
    248,
    248,
    248,
    248,
    248,
    248,
    248,
    828,
    232,
    134,
    134,
    134,
    134,
    134,
    134,
    134,
    134,
    134,
    134,
    134,
    134,
    134,
    134,
    134,
    942,
    216,
    216,
    216,
    216,
    716,
    716,
    175,
    175,
    175,
    175,
    175,
    175,
    175,
    175,
    175,
    175,
    185,
    185,
    185,
    10,
    677,
    677,
    677,
    677,
    677,
    677,
    951,
    484,
    484,
    553,
    553,
    553,
    553,
    553,
    553,
    553,
    553,
    553,
    553,
    553,
    553,
    553,
    553,
    553,
    553,
    273,
    233,
    549,
    918,
    918,
    918,
    918,
    281,
    281,
    281,
    281,
    281,
    281,
    281,
    281,
    281,
    281,
    281,
    281,
    281,
    281,
    281,
    281,
    281,
    281,
    281,
    281,
    281,
    281,
    281,
    281,
    281,
    764,
    764,
    764,
    764,
    764,
    764,
    764,
    764,
    47,
    47,
    327,
    392,
    392,
    392,
    635,
    644,
    644,
    644,
    833,
    833,
    833,
    313,
    543,
    543,
    543,
    543,
    543,
    543,
    543,
    543,
    137,
    137,
    60,
    60,
    60,
    60,
    60,
    60,
    60,
    60,
    60,
    60,
    60,
    60,
    735,
    257,
    257,
    257,
    257,
    751,
    65,
    314,
    314,
    314,
    314,
    314,
    314,
    314,
    314,
    314,
    314,
    314,
    88,
    88,
    531,
    946,
    73,
    441,
    441,
    441,
    441,
    441,
    441,
    441,
    441,
    441,
    441,
    441,
    441,
    441,
    441,
    441,
    441,
    441,
    441,
    46,
    46,
    46,
    432,
    676,
    676,
    676,
    676,
    676,
    267,
    9,
    164,
    164,
    164,
    164,
    164,
    725,
    725,
    456,
    456,
    456,
    456,
    456,
    456,
    456,
    456,
    456,
    456,
    456,
    456,
    456,
    456,
    456,
    456,
    456,
    456,
    456,
    456,
    456,
    456,
    456,
    251,
    510,
    859,
    859,
    859,
    859,
    859,
    555,
    555,
    555,
    555,
    544,
    883,
    883,
    883,
    883,
    883,
    883,
    883,
    883,
    883,
    883,
    883,
    883,
    883,
    883,
    883,
    883,
    883,
    883,
    883,
    883,
    883,
    883,
    279,
    279,
    279,
    279,
    279,
    279,
    279,
    101,
    218,
    218,
    218,
    218,
    218,
    218,
    218,
    218,
    218,
    218,
    305,
    305,
    305,
    305,
    305,
    305,
    305,
    305,
    305,
    305,
    760,
    253,
    253,
    253,
    253,
    253,
    253,
    253,
    253,
    253,
    253,
    253,
    253,
    253,
    253,
    253,
    253,
    253,
    253,
    253,
    253,
    253,
    253,
    253,
    253,
    253,
    253,
    253,
    253,
    253,
    253,
    253,
    306,
    234,
    234,
    234,
    234,
    792,
    792,
    792,
    792,
    792,
    792,
    123,
    123,
    552,
    552,
    552,
    552,
    552,
    380,
    653,
    299,
    299,
    299,
    299,
    299,
    299,
    558,
    478,
    478,
    170,
    170,
    170,
    170,
    170,
    629,
    597,
    597,
    597,
    597,
    597,
    597,
    597,
    597,
    597,
    597,
    597,
    597,
    597,
    597,
    597,
    743,
    633,
    633,
    633,
    633,
    633,
    633,
    633,
    633,
    633,
    633,
    633,
    633,
    633,
    429,
    429,
    428,
    591,
    591,
    591,
    591,
    591,
    87,
    87,
    422,
    422,
    395,
    395,
    395,
    395,
    395,
    395,
    395,
    395,
    395,
    261,
    261,
    261,
    261,
    261,
    261,
    261,
    261,
    261,
    261,
    261,
    261,
    261,
    261,
    261,
    261,
    261,
    261,
    261,
    261,
    261,
    261,
    261,
    261,
    261,
    261,
    261,
    261,
    261,
    261,
    261,
    261,
    261,
    261,
    261,
    261,
    261,
    261,
    261,
    261,
    261,
    261,
    261,
    261,
    261,
    556,
    556,
    556,
    556,
    556,
    994,
    749,
    749,
    749,
    749,
    749,
    12,
    12,
    12,
    105,
    105,
    97,
    97,
    97,
    922,
    96,
    512,
    578,
    578,
    578,
    578,
    899,
    899,
    899,
    899,
    899,
    899,
    899,
    899,
    899,
    708,
    708,
    708,
    708,
    708,
    566,
    566,
    566,
    566,
    566,
    566,
    566,
    566,
    566,
    566,
    566,
    566,
    566,
    566,
    566,
    566,
    566,
    566,
    566,
    566,
    333,
    8,
    8,
    8,
    8,
    8,
    8,
    8,
    8,
    8,
    8,
    8,
    8,
    8,
    8,
    8,
    8,
    8,
    8,
    8,
    8,
    8,
    8,
    8,
    8,
    8,
    8,
    8,
    8,
    8,
    8,
    8,
    8,
    8,
    8,
    8,
    8,
    8,
    8,
    8,
    8,
    8,
    8,
    8,
    8,
    8,
    277,
    277,
    277,
    277,
    277,
    277,
    277,
    20,
    739,
    739,
    131,
    131,
    131,
    592,
    984,
    984,
    503,
    503,
    503,
    503,
    503,
    503,
    503,
    503,
    503,
    503,
    503,
    149,
    149,
    149,
    149,
    149,
    149,
    149,
    149,
    149,
    149,
    149,
    149,
    149,
    149,
    143,
    143,
    143,
    143,
    143,
    143,
    143,
    143,
    143,
    143,
    143,
    143,
    143,
    567,
    567,
    814,
    814,
    814,
    814,
    814,
    814,
    814,
    814,
    814,
    814,
    372,
    372,
    330,
    302,
    243,
    881,
    881,
    765,
    804,
    804,
    999,
    999,
    999,
    999,
    999,
    999,
    999,
    999,
    999,
    999,
    999,
    84,
    84,
    84,
    84,
    84,
    84,
    790,
    790,
    790,
    790,
    790,
    790,
    790,
    48,
    48,
    3,
    3,
    3,
    896,
    896,
    896,
    896,
    896,
    896,
    896,
    754,
    94,
    957,
    957,
    622,
    622,
    622,
    622,
    622,
    622,
    622,
    622,
    622,
    622,
    622,
    622,
    622,
    622,
    622,
    638,
    638,
    638,
    638,
    638,
    638,
    638,
    638,
    638,
    587,
    777,
    204,
    204,
    204,
    413,
    413,
    413,
    413,
    413,
    161,
    693,
    742,
    265,
    265,
    265,
    265,
    265,
    958,
    525,
    525,
    525,
    525,
    525,
    525,
    525,
    604,
    604,
    604,
    604,
    604,
    604,
    604,
    589,
    589,
    589,
    589,
    589,
    589,
    589,
    589,
    589,
    589,
    841,
    841,
    841,
    841,
    841,
    841,
    841,
    841,
    658,
    284,
    284,
    284,
    284,
    284,
    284,
    756,
    530,
    530,
    530,
    530,
    530,
    530,
    530,
    530,
    530,
    530,
    530,
    530,
    530,
    530,
    530,
    530,
    959,
    959,
    959,
    959,
    959,
    959,
    959,
    959,
    959,
    882,
    882,
    882,
    882,
    882,
    700,
    700,
    700,
    700,
    700,
    700,
    700,
    83,
    83,
    83,
    83,
    919,
    580,
    580,
    580,
    580,
    580,
    580,
    580,
    734,
    873,
    873,
    873,
    873,
    873,
    458,
    925,
    925,
    925,
    925,
    908,
    908,
    908,
    908,
    908,
    908,
    908,
    908,
    908,
    748,
    748,
    748,
    748,
    748,
    748,
    650,
    545,
    545,
    879,
    879,
    879,
    22,
    829,
    973
  ],
  "x_translations": [
    244,
    305,
    190,
    225,
    260,
    295,
    330,
    365,
    400,
    162,
    435,
    200,
    297,
    394,
    491,
    588,
    685,
    782,
    879,
    233,
    271,
    309,
    347,
    385,
    423,
    461,
    499,
    537,
    575,
    613,
    651,
    689,
    727,
    765,
    803,
    841,
    879,
    917,
    955,
    993,
    1031,
    1069,
    1107,
    1145,
    1183,
    1221,
    1259,
    1297,
    104,
    217,
    511,
    330,
    438,
    535,
    980,
    1065,
    1150,
    1235,
    1320,
    1405,
    1490,
    1575,
    1660,
    1762,
    1864,
    1966,
    79,
    2068,
    635,
    769,
    903,
    1037,
    1171,
    1305,
    1439,
    1573,
    1707,
    1841,
    1895,
    1949,
    2003,
    2057,
    2111,
    2165,
    2219,
    2273,
    2327,
    2381,
    2435,
    2489,
    2543,
    2597,
    2651,
    2705,
    2759,
    2813,
    2867,
    2921,
    2975,
    3029,
    3083,
    1335,
    158,
    300,
    1441,
    1541,
    2183,
    2310,
    2437,
    2564,
    2691,
    2818,
    585,
    366,
    516,
    577,
    638,
    699,
    760,
    821,
    882,
    943,
    1004,
    1065,
    1126,
    442,
    545,
    696,
    847,
    998,
    1149,
    1300,
    1451,
    1602,
    1753,
    1904,
    2055,
    2139,
    2223,
    2307,
    1187,
    1252,
    1317,
    2391,
    2500,
    2609,
    2718,
    2827,
    2936,
    3045,
    3154,
    3263,
    3372,
    1652,
    167,
    286,
    412,
    538,
    664,
    790,
    916,
    1042,
    1168,
    1294,
    1420,
    1546,
    1672,
    1798,
    1924,
    2050,
    1382,
    2176,
    2295,
    2414,
    2533,
    651,
    768,
    2652,
    2778,
    2904,
    3030,
    3156,
    3282,
    3408,
    3534,
    126,
    252,
    1738,
    1848,
    1958,
    1476,
    116,
    232,
    348,
    464,
    580,
    696,
    1570,
    812,
    924,
    1036,
    1190,
    1344,
    1498,
    1652,
    1806,
    1960,
    2114,
    2268,
    2422,
    2576,
    2730,
    2884,
    3038,
    3192,
    3346,
    3500,
    2068,
    1640,
    3556,
    3681,
    3806,
    3931,
    117,
    201,
    285,
    369,
    453,
    537,
    621,
    705,
    789,
    873,
    957,
    1041,
    1125,
    1209,
    1293,
    1377,
    1461,
    1545,
    1629,
    1713,
    1797,
    1881,
    1965,
    2049,
    2133,
    2217,
    2273,
    2329,
    2385,
    2441,
    2497,
    2553,
    2609,
    885,
    952,
    1675,
    137,
    247,
    357,
    195,
    2185,
    2326,
    2467,
    1739,
    1815,
    1891,
    2665,
    207,
    288,
    369,
    450,
    531,
    612,
    693,
    774,
    1019,
    1112,
    2785,
    2898,
    3011,
    3124,
    3237,
    3350,
    3463,
    3576,
    3689,
    3802,
    3915,
    4028,
    390,
    467,
    606,
    745,
    884,
    378,
    1023,
    1180,
    1353,
    1526,
    1699,
    1872,
    2045,
    2218,
    2391,
    2564,
    2737,
    2910,
    3083,
    3218,
    3353,
    547,
    3452,
    3580,
    3720,
    3860,
    4000,
    4140,
    717,
    857,
    997,
    1137,
    1277,
    1417,
    1557,
    1697,
    1837,
    1977,
    2117,
    2257,
    2397,
    473,
    599,
    725,
    851,
    2537,
    2739,
    2941,
    3143,
    3345,
    3547,
    2608,
    1023,
    1142,
    1261,
    1380,
    1499,
    1618,
    1759,
    3674,
    3811,
    3948,
    4085,
    4222,
    137,
    274,
    411,
    548,
    685,
    822,
    959,
    1096,
    1233,
    1370,
    1507,
    1644,
    1781,
    1918,
    2055,
    2192,
    2329,
    2466,
    272,
    408,
    177,
    354,
    531,
    708,
    885,
    350,
    525,
    700,
    875,
    2603,
    2746,
    2783,
    2820,
    2857,
    2894,
    2931,
    2968,
    3005,
    3042,
    3079,
    3116,
    3153,
    3190,
    3227,
    3264,
    3301,
    3338,
    3375,
    3412,
    3449,
    3486,
    3523,
    344,
    516,
    688,
    860,
    1032,
    1204,
    1376,
    560,
    1900,
    2020,
    2140,
    2260,
    2380,
    2500,
    2620,
    2740,
    2860,
    2980,
    1050,
    1141,
    1232,
    1323,
    1414,
    1505,
    1596,
    1687,
    1778,
    1869,
    3560,
    726,
    905,
    1084,
    1263,
    1442,
    1621,
    1800,
    1979,
    2158,
    2337,
    2516,
    2695,
    2874,
    3053,
    3232,
    3411,
    3590,
    3769,
    3948,
    4127,
    4306,
    1062,
    1241,
    1420,
    1599,
    1778,
    1957,
    2136,
    2315,
    2494,
    2673,
    2852,
    3100,
    3189,
    3278,
    3367,
    1205,
    1357,
    1509,
    1661,
    1813,
    1965,
    855,
    935,
    360,
    552,
    744,
    936,
    1128,
    3692,
    3000,
    3139,
    3267,
    3395,
    3523,
    3651,
    3779,
    3907,
    3456,
    3534,
    3792,
    3934,
    4076,
    4218,
    4360,
    3957,
    4145,
    4287,
    4429,
    4571,
    1960,
    2102,
    2244,
    2386,
    2528,
    2670,
    2812,
    2954,
    3096,
    3238,
    3380,
    3522,
    3663,
    3812,
    3961,
    4110,
    4259,
    4408,
    4557,
    1548,
    1697,
    1846,
    1995,
    2144,
    2293,
    3612,
    3775,
    2442,
    2531,
    2680,
    2829,
    2978,
    3127,
    3276,
    3383,
    3490,
    3609,
    166,
    272,
    378,
    484,
    590,
    696,
    802,
    908,
    1014,
    3728,
    3831,
    3934,
    4037,
    4140,
    4243,
    4346,
    4449,
    4552,
    4655,
    1320,
    1423,
    1526,
    1629,
    1732,
    1835,
    1938,
    2041,
    2144,
    2247,
    2350,
    2453,
    2556,
    2659,
    2762,
    2865,
    2968,
    3071,
    3174,
    3277,
    3380,
    3483,
    3586,
    3689,
    3792,
    3895,
    3998,
    4101,
    4204,
    4307,
    4410,
    4513,
    4616,
    4719,
    309,
    509,
    746,
    983,
    1220,
    1457,
    1694,
    402,
    536,
    670,
    804,
    938,
    412,
    508,
    604,
    528,
    704,
    507,
    637,
    767,
    897,
    700,
    1793,
    820,
    990,
    1160,
    1330,
    636,
    848,
    1060,
    1272,
    1484,
    1696,
    1908,
    2120,
    2332,
    2544,
    2675,
    2806,
    2937,
    3068,
    3199,
    3393,
    3587,
    3781,
    3975,
    4169,
    4363,
    4557,
    4751,
    776,
    970,
    1164,
    1358,
    1552,
    1746,
    1940,
    2134,
    2328,
    2522,
    2716,
    1500,
    880,
    1013,
    1146,
    1279,
    1412,
    1545,
    1678,
    1811,
    1944,
    2077,
    2210,
    2343,
    2476,
    2609,
    2742,
    2875,
    3008,
    3141,
    3274,
    3407,
    3540,
    3673,
    3806,
    3939,
    4072,
    4205,
    4338,
    4471,
    4604,
    4737,
    2910,
    3043,
    3176,
    3309,
    3442,
    3575,
    3708,
    3841,
    3974,
    4107,
    4240,
    4373,
    4506,
    4639,
    4772,
    1571,
    1666,
    1761,
    1856,
    1951,
    2046,
    2141,
    2236,
    2387,
    2507,
    1072,
    1213,
    1354,
    1015,
    2627,
    2751,
    1960,
    2109,
    2258,
    2407,
    2556,
    2705,
    2854,
    3003,
    3152,
    3301,
    3450,
    1106,
    1296,
    1486,
    1676,
    1866,
    2056,
    2246,
    2436,
    2626,
    2816,
    3006,
    3196,
    3386,
    3576,
    3599,
    3715,
    3831,
    3947,
    4063,
    4179,
    4295,
    4411,
    4527,
    4643,
    4759,
    1495,
    1611,
    2875,
    2967,
    3766,
    3940,
    4114,
    4288,
    4462,
    4636,
    1230,
    1404,
    1578,
    1752,
    3059,
    3147,
    1926,
    1727,
    2108,
    1823,
    1942,
    2061,
    3235,
    3337,
    3439,
    3536,
    3633,
    3730,
    3827,
    3924,
    4021,
    4118,
    4215,
    4312,
    4409,
    1000,
    1180,
    1360,
    1540,
    1720,
    1900,
    4506,
    4598,
    4690,
    4782,
    2155,
    2247,
    2339,
    2288,
    2460,
    2431,
    2552,
    2673,
    2794,
    2892,
    2990,
    3088,
    3186,
    3284,
    3382,
    3480,
    3574,
    798,
    929,
    3661,
    3767,
    3873,
    3979,
    4085,
    4191,
    4297,
    4403,
    4509,
    4615,
    4721,
    1060,
    1166,
    1272,
    1378,
    2632,
    2782,
    2932,
    3082,
    3232,
    3382,
    3532,
    3682,
    3832,
    3982,
    1484,
    1449,
    1626,
    1803,
    1612,
    1814,
    2016,
    2218,
    2420,
    4167,
    1647,
    1120,
    1790,
    1961,
    2132,
    2303,
    2474,
    2645,
    2719,
    2849,
    2979,
    3109,
    3239,
    3369,
    3499,
    3629,
    3756,
    3883,
    4010,
    4137,
    4264,
    4391,
    4281,
    4426,
    4571,
    4716,
    1980,
    2125,
    2270,
    2415,
    2560,
    2705,
    4518,
    4673,
    2850,
    3005,
    3160,
    3315,
    3470,
    3625,
    4828,
    3780,
    3948,
    4116,
    4284,
    4452,
    4620,
    4905,
    2622,
    2751,
    2880,
    3009,
    3138,
    3267,
    3396,
    3525,
    3654,
    3783,
    3912,
    4041,
    4170,
    4299,
    4428,
    4557,
    2478,
    2589,
    2700,
    2811,
    2922,
    3033,
    3144,
    3255,
    3366,
    3477,
    3559,
    3641,
    3723,
    3805,
    2034,
    2167,
    2300,
    2433,
    2566,
    2699,
    2832,
    3887,
    4033,
    4179,
    4325,
    2965,
    2963,
    3106,
    3249,
    3392,
    3535,
    3678,
    3821,
    3964,
    3049,
    3142,
    3235,
    3328,
    3421,
    3514,
    1248,
    1377,
    1506,
    1635,
    1129,
    1264,
    1399,
    1534,
    1669,
    1804,
    1939,
    2074,
    2209,
    1764,
    1901,
    2038,
    2175,
    2312,
    2449,
    3671,
    3782,
    3887,
    3992,
    4094,
    4196,
    4298,
    4387,
    4954
  ],
  "y_translations": [
    99,
    99,
    168,
    168,
    168,
    168,
    168,
    168,
    168,
    394,
    168,
    490,
    490,
    490,
    490,
    490,
    490,
    490,
    490,
    394,
    394,
    394,
    394,
    394,
    394,
    394,
    394,
    394,
    394,
    394,
    394,
    394,
    394,
    394,
    394,
    394,
    394,
    394,
    394,
    394,
    394,
    394,
    394,
    394,
    394,
    394,
    394,
    394,
    592,
    592,
    168,
    592,
    592,
    592,
    490,
    490,
    490,
    490,
    490,
    490,
    490,
    490,
    490,
    490,
    490,
    490,
    712,
    490,
    592,
    592,
    592,
    592,
    592,
    592,
    592,
    592,
    592,
    592,
    592,
    592,
    592,
    592,
    592,
    592,
    592,
    592,
    592,
    592,
    592,
    592,
    592,
    592,
    592,
    592,
    592,
    592,
    592,
    592,
    592,
    592,
    592,
    394,
    712,
    712,
    394,
    394,
    490,
    490,
    490,
    490,
    490,
    490,
    168,
    99,
    32,
    32,
    32,
    32,
    32,
    32,
    32,
    32,
    32,
    32,
    32,
    712,
    712,
    712,
    712,
    712,
    712,
    712,
    712,
    712,
    712,
    712,
    712,
    712,
    712,
    712,
    32,
    32,
    32,
    712,
    712,
    712,
    712,
    712,
    712,
    712,
    712,
    712,
    712,
    394,
    846,
    846,
    846,
    846,
    846,
    846,
    846,
    846,
    846,
    846,
    846,
    846,
    846,
    846,
    846,
    846,
    32,
    846,
    846,
    846,
    846,
    168,
    168,
    846,
    846,
    846,
    846,
    846,
    846,
    846,
    846,
    1006,
    1006,
    394,
    394,
    394,
    32,
    1119,
    1119,
    1119,
    1119,
    1119,
    1119,
    32,
    1119,
    1119,
    1119,
    1119,
    1119,
    1119,
    1119,
    1119,
    1119,
    1119,
    1119,
    1119,
    1119,
    1119,
    1119,
    1119,
    1119,
    1119,
    1119,
    394,
    32,
    1119,
    1119,
    1119,
    1119,
    1260,
    1260,
    1260,
    1260,
    1260,
    1260,
    1260,
    1260,
    1260,
    1260,
    1260,
    1260,
    1260,
    1260,
    1260,
    1260,
    1260,
    1260,
    1260,
    1260,
    1260,
    1260,
    1260,
    1260,
    1260,
    1260,
    1260,
    1260,
    1260,
    1260,
    1260,
    1260,
    1260,
    168,
    168,
    32,
    1404,
    1404,
    1404,
    1564,
    394,
    394,
    394,
    32,
    32,
    32,
    1260,
    241,
    241,
    241,
    241,
    241,
    241,
    241,
    241,
    168,
    168,
    1260,
    1260,
    1260,
    1260,
    1260,
    1260,
    1260,
    1260,
    1260,
    1260,
    1260,
    1260,
    1564,
    1404,
    1404,
    1404,
    1404,
    1006,
    1404,
    1404,
    1404,
    1404,
    1404,
    1404,
    1404,
    1404,
    1404,
    1404,
    1404,
    1404,
    1404,
    1404,
    1404,
    1564,
    1404,
    1404,
    1404,
    1404,
    1404,
    1404,
    1564,
    1564,
    1564,
    1564,
    1564,
    1564,
    1564,
    1564,
    1564,
    1564,
    1564,
    1564,
    1564,
    1006,
    1006,
    1006,
    1006,
    1564,
    1564,
    1564,
    1564,
    1564,
    1564,
    394,
    1006,
    1006,
    1006,
    1006,
    1006,
    1006,
    1006,
    1564,
    1564,
    1564,
    1564,
    1564,
    1745,
    1745,
    1745,
    1745,
    1745,
    1745,
    1745,
    1745,
    1745,
    1745,
    1745,
    1745,
    1745,
    1745,
    1745,
    1745,
    1745,
    1745,
    1872,
    1872,
    2033,
    2033,
    2033,
    2033,
    2033,
    2197,
    2197,
    2197,
    2197,
    1745,
    1745,
    1745,
    1745,
    1745,
    1745,
    1745,
    1745,
    1745,
    1745,
    1745,
    1745,
    1745,
    1745,
    1745,
    1745,
    1745,
    1745,
    1745,
    1745,
    1745,
    1745,
    1745,
    2365,
    2365,
    2365,
    2365,
    2365,
    2365,
    2365,
    1872,
    1006,
    1006,
    1006,
    1006,
    1006,
    1006,
    1006,
    1006,
    1006,
    1006,
    2197,
    2197,
    2197,
    2197,
    2197,
    2197,
    2197,
    2197,
    2197,
    2197,
    1745,
    1872,
    1872,
    1872,
    1872,
    1872,
    1872,
    1872,
    1872,
    1872,
    1872,
    1872,
    1872,
    1872,
    1872,
    1872,
    1872,
    1872,
    1872,
    1872,
    1872,
    1872,
    2033,
    2033,
    2033,
    2033,
    2033,
    2033,
    2033,
    2033,
    2033,
    2033,
    2033,
    1006,
    1006,
    1006,
    1006,
    168,
    168,
    168,
    168,
    168,
    168,
    241,
    241,
    2535,
    2535,
    2535,
    2535,
    2535,
    1745,
    2033,
    2033,
    2033,
    2033,
    2033,
    2033,
    2033,
    2033,
    1006,
    1006,
    1745,
    1745,
    1745,
    1745,
    1745,
    2033,
    2033,
    2033,
    2033,
    2033,
    2197,
    2197,
    2197,
    2197,
    2197,
    2197,
    2197,
    2197,
    2197,
    2197,
    2197,
    2197,
    2197,
    2197,
    2197,
    2197,
    2197,
    2197,
    2197,
    2365,
    2365,
    2365,
    2365,
    2365,
    2365,
    1006,
    1006,
    2365,
    2365,
    2365,
    2365,
    2365,
    2365,
    2365,
    2365,
    2365,
    2365,
    316,
    316,
    316,
    316,
    316,
    316,
    316,
    316,
    316,
    2365,
    2365,
    2365,
    2365,
    2365,
    2365,
    2365,
    2365,
    2365,
    2365,
    2535,
    2535,
    2535,
    2535,
    2535,
    2535,
    2535,
    2535,
    2535,
    2535,
    2535,
    2535,
    2535,
    2535,
    2535,
    2535,
    2535,
    2535,
    2535,
    2535,
    2535,
    2535,
    2535,
    2535,
    2535,
    2535,
    2535,
    2535,
    2535,
    2535,
    2535,
    2535,
    2535,
    2535,
    2751,
    2872,
    2872,
    2872,
    2872,
    2872,
    2872,
    3006,
    3006,
    3006,
    3006,
    3006,
    2751,
    2751,
    2751,
    3146,
    3146,
    99,
    99,
    99,
    99,
    2751,
    2872,
    2751,
    2751,
    2751,
    2751,
    3309,
    3309,
    3309,
    3309,
    3309,
    3309,
    3309,
    3309,
    3309,
    3309,
    3309,
    3309,
    3309,
    3309,
    3309,
    3309,
    3309,
    3309,
    3309,
    3309,
    3309,
    3309,
    3309,
    3526,
    3526,
    3526,
    3526,
    3526,
    3526,
    3526,
    3526,
    3526,
    3526,
    3526,
    2751,
    3146,
    3146,
    3146,
    3146,
    3146,
    3146,
    3146,
    3146,
    3146,
    3146,
    3146,
    3146,
    3146,
    3146,
    3146,
    3146,
    3146,
    3146,
    3146,
    3146,
    3146,
    3146,
    3146,
    3146,
    3146,
    3146,
    3146,
    3146,
    3146,
    3146,
    3526,
    3526,
    3526,
    3526,
    3526,
    3526,
    3526,
    3526,
    3526,
    3526,
    3526,
    3526,
    3526,
    3526,
    3526,
    2751,
    2751,
    2751,
    2751,
    2751,
    2751,
    2751,
    2751,
    2751,
    2751,
    3006,
    3006,
    3006,
    241,
    2751,
    2751,
    2872,
    2872,
    2872,
    2872,
    2872,
    2872,
    2872,
    2872,
    2872,
    2872,
    2872,
    3872,
    3872,
    3872,
    3872,
    3872,
    3872,
    3872,
    3872,
    3872,
    3872,
    3872,
    3872,
    3872,
    3872,
    2872,
    2872,
    2872,
    2872,
    2872,
    2872,
    2872,
    2872,
    2872,
    2872,
    2872,
    3006,
    3006,
    2751,
    2751,
    3872,
    3872,
    3872,
    3872,
    3872,
    3872,
    4068,
    4068,
    4068,
    4068,
    2751,
    2751,
    4068,
    3006,
    4068,
    3006,
    3006,
    3006,
    2751,
    2751,
    2751,
    2751,
    2751,
    2751,
    2751,
    2751,
    2751,
    2751,
    2751,
    2751,
    2751,
    99,
    99,
    99,
    99,
    99,
    99,
    2751,
    2751,
    2751,
    2751,
    3006,
    3006,
    3006,
    4068,
    4068,
    3006,
    3006,
    3006,
    3006,
    3006,
    3006,
    3006,
    3006,
    3006,
    3006,
    3006,
    3006,
    3731,
    3731,
    3006,
    3006,
    3006,
    3006,
    3006,
    3006,
    3006,
    3006,
    3006,
    3006,
    3006,
    3731,
    3731,
    3731,
    3731,
    4068,
    4068,
    4068,
    4068,
    4068,
    4068,
    4068,
    4068,
    4068,
    4068,
    3731,
    4266,
    4266,
    4266,
    4478,
    4478,
    4478,
    4478,
    4478,
    4068,
    3731,
    316,
    3731,
    3731,
    3731,
    3731,
    3731,
    3731,
    3731,
    3731,
    3731,
    3731,
    3731,
    3731,
    3731,
    3731,
    3731,
    3731,
    3731,
    3731,
    3731,
    3731,
    4068,
    4068,
    4068,
    4068,
    4266,
    4266,
    4266,
    4266,
    4266,
    4266,
    3731,
    3731,
    4266,
    4266,
    4266,
    4266,
    4266,
    4266,
    3731,
    4266,
    4266,
    4266,
    4266,
    4266,
    4266,
    3526,
    4478,
    4478,
    4478,
    4478,
    4478,
    4478,
    4478,
    4478,
    4478,
    4478,
    4478,
    4478,
    4478,
    4478,
    4478,
    4478,
    4799,
    4799,
    4799,
    4799,
    4799,
    4799,
    4799,
    4799,
    4799,
    4799,
    4799,
    4799,
    4799,
    4799,
    4707,
    4707,
    4707,
    4707,
    4707,
    4707,
    4707,
    4799,
    4799,
    4799,
    4799,
    4707,
    4930,
    4930,
    4930,
    4930,
    4930,
    4930,
    4930,
    4930,
    4707,
    4707,
    4707,
    4707,
    4707,
    4707,
    316,
    316,
    316,
    316,
    241,
    241,
    241,
    241,
    241,
    241,
    241,
    241,
    241,
    316,
    316,
    316,
    316,
    316,
    316,
    4707,
    4707,
    4707,
    4707,
    4707,
    4707,
    4707,
    4707,
    3872
  ]
}