{
  "type": "cgshop2024_solution",
  "name": "random_b_082939_500",
  "num_included_items": 64,
  "meta": {
    "algorithm": "BASELINE"
  },
  "item_indices": [
    116,
    116,
    116,
    116,
    132,
    162,
    162,
    162,
    162,
    162,
    77,
    77,
    118,
    214,
    214,
    214,
    214,
    214,
    87,
    87,
    87,
    87,
    87,
    87,
    87,
    87,
    87,
    204,
    37,
    101,
    112,
    112,
    112,
    36,
    128,
    198,
    134,
    92,
    92,
    103,
    139,
    46,
    220,
    222,
    222,
    12,
    89,
    81,
    219,
    193,
    188,
    44,
    71,
    141,
    141,
    141,
    141,
    157,
    9,
    97,
    97,
    5,
    113,
    113
  ],
  "x_translations": [
    264,
    352,
    440,
    528,
    162,
    216,
    294,
    372,
    450,
    528,
    78,
    148,
    80,
    86,
    172,
    258,
    344,
    430,
    516,
    591,
    75,
    150,
    225,
    300,
    375,
    450,
    525,
    218,
    75,
    600,
    299,
    363,
    427,
    491,
    212,
    160,
    150,
    285,
    362,
    554,
    141,
    228,
    212,
    206,
    276,
    346,
    277,
    337,
    404,
    396,
    455,
    463,
    504,
    562,
    271,
    322,
    373,
    424,
    493,
    517,
    587,
    547,
    173,
    212
  ],
  "y_translations": [
    82,
    82,
    82,
    82,
    169,
    169,
    169,
    169,
    169,
    169,
    245,
    245,
    305,
    368,
    368,
    368,
    368,
    368,
    368,
    368,
    443,
    443,
    443,
    443,
    443,
    443,
    443,
    245,
    510,
    443,
    245,
    245,
    245,
    245,
    651,
    305,
    510,
    651,
    651,
    245,
    577,
    305,
    510,
    577,
    577,
    577,
    305,
    305,
    577,
    305,
    577,
    305,
    305,
    305,
    510,
    510,
    510,
    510,
    510,
    577,
    577,
    510,
    738,
    738
  ]
}