{
  "type": "cgshop2024_solution",
  "name": "random_b_446608_2000",
  "num_included_items": 63,
  "meta": {
    "algorithm": "BASELINE"
  },
  "item_indices": [
    60,
    60,
    60,
    60,
    577,
    577,
    577,
    577,
    577,
    66,
    66,
    556,
    556,
    556,
    556,
    556,
    415,
    328,
    328,
    328,
    328,
    328,
    328,
    224,
    224,
    224,
    88,
    88,
    304,
    304,
    387,
    387,
    387,
    78,
    78,
    590,
    475,
    490,
    405,
    405,
    405,
    405,
    405,
    405,
    405,
    405,
    11,
    11,
    153,
    153,
    153,
    153,
    153,
    153,
    153,
    153,
    153,
    38,
    539,
    303,
    30,
    30,
    329
  ],
  "x_translations": [
    260,
    390,
    520,
    650,
    145,
    290,
    435,
    580,
    725,
    780,
    937,
    271,
    379,
    487,
    595,
    703,
    811,
    931,
    1052,
    1173,
    870,
    991,
    1112,
    145,
    290,
    435,
    145,
    290,
    580,
    716,
    435,
    585,
    735,
    852,
    970,
    885,
    1025,
    1088,
    112,
    230,
    348,
    466,
    584,
    702,
    820,
    938,
    282,
    423,
    336,
    448,
    560,
    672,
    784,
    896,
    448,
    560,
    672,
    564,
    784,
    710,
    828,
    961,
    1233
  ],
  "y_translations": [
    177,
    177,
    177,
    177,
    458,
    458,
    458,
    458,
    458,
    177,
    177,
    308,
    308,
    308,
    308,
    308,
    308,
    308,
    308,
    308,
    458,
    458,
    458,
    623,
    623,
    623,
    746,
    746,
    623,
    623,
    746,
    746,
    746,
    623,
    623,
    746,
    746,
    623,
    887,
    887,
    887,
    887,
    887,
    887,
    887,
    887,
    1017,
    1017,
    1108,
    1108,
    1108,
    1108,
    1108,
    1108,
    1228,
    1228,
    1228,
    1017,
    1228,
    1017,
    1017,
    1017,
    458
  ]
}