{
  "type": "cgshop2024_solution",
  "name": "random_a_970407_200",
  "num_included_items": 26,
  "meta": {
    "algorithm": "BASELINE"
  },
  "item_indices": [
    105,
    74,
    96,
    96,
    68,
    82,
    82,
    124,
    124,
    98,
    16,
    27,
    77,
    54,
    118,
    85,
    44,
    122,
    22,
    109,
    109,
    109,
    109,
    109,
    46,
    95
  ],
  "x_translations": [
    31,
    44,
    33,
    63,
    66,
    94,
    123,
    28,
    56,
    152,
    84,
    93,
    121,
    142,
    163,
    129,
    177,
    191,
    64,
    88,
    112,
    136,
    160,
    184,
    62,
    94
  ],
  "y_translations": [
    17,
    17,
    48,
    48,
    17,
    17,
    17,
    85,
    85,
    17,
    85,
    48,
    48,
    48,
    48,
    85,
    85,
    48,
    124,
    124,
    124,
    124,
    124,
    124,
    173,
    173
  ]
}