{
  "type": "cgshop2024_solution",
  "name": "random_b_465665_200",
  "num_included_items": 39,
  "meta": {
    "algorithm": "BASELINE"
  },
  "item_indices": [
    21,
    21,
    20,
    33,
    26,
    13,
    13,
    86,
    3,
    18,
    18,
    18,
    22,
    60,
    124,
    124,
    124,
    124,
    124,
    124,
    124,
    39,
    39,
    39,
    39,
    59,
    0,
    119,
    113,
    67,
    100,
    88,
    114,
    5,
    5,
    96,
    69,
    73,
    132
  ],
  "x_translations": [
    45,
    90,
    135,
    150,
    170,
    59,
    93,
    55,
    100,
    127,
    160,
    193,
    87,
    226,
    131,
    156,
    181,
    206,
    231,
    256,
    281,
    128,
    150,
    172,
    194,
    216,
    95,
    129,
    251,
    160,
    204,
    290,
    247,
    288,
    324,
    154,
    194,
    234,
    278
  ],
  "y_translations": [
    27,
    27,
    27,
    27,
    27,
    76,
    76,
    103,
    103,
    76,
    76,
    76,
    174,
    76,
    103,
    103,
    103,
    103,
    103,
    103,
    103,
    174,
    174,
    174,
    174,
    174,
    136,
    136,
    174,
    136,
    136,
    174,
    136,
    136,
    136,
    225,
    225,
    225,
    225
  ]
}