{
  "type": "cgshop2024_solution",
  "name": "random_b_309845_100",
  "num_included_items": 25,
  "meta": {
    "algorithm": "BASELINE"
  },
  "item_indices": [
    3,
    49,
    49,
    22,
    18,
    8,
    51,
    27,
    19,
    19,
    19,
    52,
    38,
    10,
    41,
    41,
    64,
    64,
    64,
    61,
    58,
    57,
    48,
    34,
    23
  ],
  "x_translations": [
    42,
    18,
    32,
    46,
    60,
    61,
    83,
    85,
    110,
    131,
    106,
    127,
    34,
    95,
    61,
    91,
    148,
    121,
    138,
    123,
    38,
    143,
    64,
    86,
    152
  ],
  "y_translations": [
    25,
    44,
    44,
    44,
    44,
    25,
    44,
    25,
    25,
    25,
    44,
    44,
    69,
    95,
    69,
    69,
    44,
    69,
    69,
    95,
    11,
    95,
    11,
    11,
    25
  ]
}