{
  "type": "cgshop2024_solution",
  "name": "random_c_332893_100",
  "num_included_items": 23,
  "meta": {
    "algorithm": "BASELINE"
  },
  "item_indices": [
    22,
    22,
    49,
    6,
    40,
    37,
    24,
    11,
    41,
    41,
    41,
    41,
    78,
    7,
    65,
    75,
    75,
    19,
    19,
    20,
    66,
    79,
    31
  ],
  "x_translations": [
    27,
    36,
    45,
    75,
    96,
    108,
    125,
    21,
    42,
    54,
    66,
    78,
    90,
    102,
    38,
    62,
    84,
    32,
    48,
    106,
    64,
    84,
    44
  ],
  "y_translations": [
    22,
    22,
    22,
    22,
    22,
    22,
    22,
    55,
    55,
    55,
    55,
    55,
    55,
    55,
    89,
    89,
    89,
    107,
    107,
    89,
    107,
    107,
    131
  ]
}