{
  "type": "cgshop2024_solution",
  "name": "random_c_219514_1000",
  "num_included_items": 315,
  "meta": {
    "algorithm": "BASELINE"
  },
  "item_indices": [
    111,
    119,
    119,
    212,
    73,
    168,
    100,
    50,
    50,
    50,
    50,
    50,
    142,
    142,
    1,
    1,
    381,
    381,
    381,
    296,
    5,
    201,
    201,
    412,
    412,
    412,
    412,
    412,
    412,
    412,
    412,
    412,
    165,
    165,
    165,
    165,
    165,
    165,
    165,
    391,
    241,
    154,
    191,
    191,
    191,
    191,
    191,
    63,
    63,
    29,
    29,
    29,
    29,
    175,
    406,
    406,
    406,
    406,
    406,
    406,
    176,
    224,
    304,
    312,
    312,
    312,
    227,
    227,
    227,
    227,
    227,
    227,
    227,
    227,
    160,
    189,
    189,
    189,
    189,
    189,
    159,
    287,
    172,
    172,
    172,
    172,
    349,
    349,
    349,
    349,
    349,
    92,
    92,
    92,
    92,
    92,
    92,
    398,
    398,
    261,
    261,
    261,
    261,
    244,
    244,
    244,
    244,
    244,
    21,
    233,
    380,
    221,
    337,
    337,
    337,
    337,
    24,
    182,
    99,
    236,
    236,
    236,
    236,
    236,
    236,
    236,
    236,
    236,
    290,
    290,
    290,
    290,
    290,
    392,
    93,
    93,
    377,
    377,
    377,
    377,
    377,
    377,
    377,
    377,
    264,
    395,
    395,
    395,
    323,
    323,
    2,
    20,
    363,
    363,
    45,
    45,
    45,
    45,
    110,
    254,
    300,
    273,
    409,
    409,
    239,
    157,
    0,
    0,
    0,
    0,
    39,
    39,
    39,
    299,
    378,
    378,
    378,
    378,
    378,
    378,
    140,
    23,
    240,
    240,
    359,
    289,
    289,
    294,
    294,
    148,
    148,
    364,
    364,
    364,
    283,
    295,
    295,
    295,
    295,
    386,
    386,
    386,
    386,
    134,
    134,
    134,
    134,
    134,
    134,
    184,
    184,
    94,
    43,
    43,
    43,
    80,
    211,
    383,
    383,
    383,
    383,
    383,
    383,
    383,
    112,
    87,
    173,
    77,
    360,
    360,
    101,
    336,
    348,
    348,
    348,
    348,
    376,
    376,
    376,
    376,
    376,
    37,
    319,
    318,
    253,
    125,
    125,
    125,
    125,
    125,
    125,
    125,
    125,
    125,
    125,
    125,
    125,
    125,
    125,
    125,
    125,
    125,
    125,
    125,
    84,
    98,
    98,
    98,
    278,
    278,
    278,
    278,
    278,
    85,
    85,
    195,
    370,
    122,
    64,
    247,
    247,
    203,
    203,
    203,
    203,
    203,
    203,
    203,
    203,
    203,
    155,
    155,
    305,
    151,
    34,
    34,
    16,
    16,
    16,
    326,
    268,
    132,
    361,
    72,
    72,
    72,
    72,
    72,
    72,
    251,
    251,
    26,
    36,
    36,
    371
  ],
  "x_translations": [
    125,
    138,
    158,
    178,
    272,
    356,
    414,
    95,
    135,
    175,
    215,
    255,
    295,
    325,
    355,
    375,
    395,
    403,
    411,
    419,
    470,
    535,
    564,
    593,
    21,
    93,
    165,
    237,
    309,
    381,
    453,
    525,
    597,
    658,
    719,
    780,
    841,
    902,
    963,
    61,
    162,
    199,
    241,
    265,
    289,
    313,
    337,
    361,
    403,
    445,
    533,
    621,
    709,
    797,
    855,
    900,
    945,
    990,
    1035,
    1080,
    1125,
    1138,
    73,
    121,
    151,
    181,
    211,
    230,
    249,
    268,
    287,
    306,
    325,
    344,
    363,
    387,
    445,
    503,
    561,
    619,
    677,
    740,
    782,
    812,
    842,
    872,
    902,
    947,
    992,
    1037,
    1082,
    73,
    114,
    155,
    196,
    237,
    278,
    319,
    391,
    463,
    489,
    515,
    541,
    567,
    609,
    651,
    693,
    735,
    777,
    818,
    843,
    858,
    884,
    902,
    920,
    938,
    956,
    1019,
    1077,
    108,
    135,
    162,
    189,
    216,
    243,
    270,
    297,
    324,
    351,
    399,
    447,
    495,
    543,
    591,
    108,
    144,
    625,
    679,
    733,
    787,
    841,
    895,
    949,
    1003,
    180,
    1057,
    231,
    296,
    361,
    409,
    457,
    504,
    527,
    555,
    583,
    604,
    625,
    646,
    667,
    726,
    782,
    813,
    850,
    891,
    932,
    966,
    237,
    316,
    395,
    474,
    553,
    634,
    715,
    1004,
    1044,
    138,
    215,
    292,
    369,
    446,
    523,
    574,
    617,
    655,
    796,
    693,
    745,
    797,
    835,
    873,
    935,
    997,
    1065,
    150,
    165,
    218,
    274,
    330,
    386,
    442,
    486,
    530,
    574,
    618,
    663,
    708,
    753,
    798,
    843,
    888,
    983,
    1078,
    205,
    274,
    343,
    412,
    461,
    532,
    590,
    648,
    706,
    764,
    822,
    880,
    938,
    999,
    868,
    1051,
    935,
    960,
    178,
    228,
    985,
    1017,
    1049,
    1081,
    297,
    341,
    385,
    429,
    473,
    517,
    264,
    561,
    312,
    343,
    375,
    407,
    439,
    471,
    503,
    535,
    567,
    599,
    631,
    663,
    695,
    727,
    759,
    791,
    823,
    855,
    887,
    919,
    604,
    951,
    995,
    1039,
    392,
    490,
    588,
    686,
    784,
    647,
    684,
    721,
    782,
    858,
    900,
    943,
    1010,
    335,
    395,
    455,
    515,
    575,
    635,
    695,
    755,
    815,
    875,
    911,
    947,
    987,
    1012,
    1052,
    882,
    937,
    992,
    474,
    524,
    592,
    653,
    696,
    740,
    784,
    828,
    872,
    916,
    960,
    1002,
    648,
    719,
    784,
    849
  ],
  "y_translations": [
    17,
    17,
    17,
    17,
    17,
    17,
    17,
    77,
    77,
    77,
    77,
    77,
    77,
    77,
    77,
    77,
    77,
    77,
    77,
    77,
    77,
    77,
    77,
    77,
    149,
    149,
    149,
    149,
    149,
    149,
    149,
    149,
    149,
    149,
    149,
    149,
    149,
    149,
    149,
    233,
    233,
    233,
    233,
    233,
    233,
    233,
    233,
    233,
    233,
    233,
    233,
    233,
    233,
    233,
    233,
    233,
    233,
    233,
    233,
    233,
    233,
    233,
    300,
    300,
    300,
    300,
    300,
    300,
    300,
    300,
    300,
    300,
    300,
    300,
    300,
    300,
    300,
    300,
    300,
    300,
    300,
    300,
    300,
    300,
    300,
    300,
    300,
    300,
    300,
    300,
    300,
    370,
    370,
    370,
    370,
    370,
    370,
    370,
    370,
    370,
    370,
    370,
    370,
    370,
    370,
    370,
    370,
    370,
    370,
    370,
    370,
    370,
    370,
    370,
    370,
    370,
    370,
    370,
    370,
    453,
    453,
    453,
    453,
    453,
    453,
    453,
    453,
    453,
    453,
    453,
    453,
    453,
    453,
    453,
    488,
    488,
    453,
    453,
    453,
    453,
    453,
    453,
    453,
    453,
    488,
    453,
    488,
    488,
    488,
    488,
    488,
    488,
    488,
    488,
    488,
    488,
    488,
    488,
    488,
    488,
    488,
    488,
    488,
    488,
    488,
    488,
    761,
    761,
    761,
    761,
    761,
    761,
    761,
    488,
    488,
    534,
    534,
    534,
    534,
    534,
    534,
    534,
    534,
    534,
    761,
    534,
    534,
    534,
    534,
    534,
    534,
    534,
    534,
    586,
    640,
    586,
    586,
    586,
    586,
    586,
    586,
    586,
    586,
    586,
    586,
    586,
    586,
    586,
    586,
    586,
    586,
    586,
    640,
    640,
    640,
    640,
    640,
    640,
    640,
    640,
    640,
    640,
    640,
    640,
    640,
    640,
    761,
    640,
    761,
    761,
    700,
    700,
    761,
    761,
    761,
    761,
    700,
    700,
    700,
    700,
    700,
    700,
    845,
    700,
    845,
    845,
    845,
    845,
    845,
    845,
    845,
    845,
    845,
    845,
    845,
    845,
    845,
    845,
    845,
    845,
    845,
    845,
    845,
    845,
    700,
    845,
    845,
    845,
    1021,
    1021,
    1021,
    1021,
    1021,
    700,
    700,
    700,
    700,
    700,
    700,
    700,
    700,
    943,
    943,
    943,
    943,
    943,
    943,
    943,
    943,
    943,
    943,
    943,
    943,
    943,
    943,
    943,
    1021,
    1021,
    1021,
    1115,
    1115,
    1115,
    1115,
    1115,
    1115,
    1115,
    1115,
    1115,
    1115,
    1115,
    1115,
    1229,
    1229,
    1229,
    1229
  ]
}