{
  "type": "cgshop2024_solution",
  "name": "random_a_994489_100",
  "num_included_items": 17,
  "meta": {
    "algorithm": "BASELINE"
  },
  "item_indices": [
    41,
    61,
    39,
    6,
    62,
    68,
    20,
    60,
    46,
    46,
    25,
    26,
    16,
    56,
    10,
    10,
    8
  ],
  "x_translations": [
    18,
    22,
    37,
    61,
    30,
    16,
    32,
    10,
    36,
    61,
    31,
    53,
    51,
    72,
    78,
    84,
    94
  ],
  "y_translations": [
    39,
    60,
    60,
    60,
    6,
    86,
    86,
    20,
    39,
    39,
    20,
    6,
    20,
    20,
    6,
    6,
    20
  ]
}