{
  "type": "cgshop2024_solution",
  "name": "random_c_562370_2000",
  "num_included_items": 234,
  "meta": {
    "algorithm": "BASELINE"
  },
  "item_indices": [
    275,
    275,
    92,
    92,
    92,
    92,
    92,
    92,
    282,
    67,
    205,
    271,
    271,
    43,
    43,
    43,
    179,
    179,
    417,
    449,
    449,
    449,
    552,
    34,
    301,
    251,
    245,
    376,
    376,
    376,
    108,
    375,
    373,
    51,
    123,
    19,
    19,
    19,
    19,
    19,
    19,
    19,
    19,
    19,
    19,
    19,
    19,
    79,
    3,
    286,
    286,
    87,
    87,
    87,
    87,
    87,
    87,
    87,
    87,
    87,
    514,
    514,
    514,
    514,
    514,
    514,
    514,
    514,
    514,
    514,
    514,
    144,
    144,
    144,
    144,
    144,
    144,
    463,
    463,
    463,
    463,
    177,
    116,
    492,
    390,
    390,
    316,
    316,
    316,
    316,
    316,
    384,
    430,
    430,
    430,
    430,
    430,
    430,
    430,
    430,
    45,
    159,
    159,
    159,
    159,
    484,
    204,
    530,
    16,
    16,
    16,
    16,
    91,
    91,
    91,
    91,
    58,
    58,
    58,
    58,
    58,
    58,
    58,
    58,
    424,
    424,
    424,
    424,
    424,
    424,
    424,
    424,
    129,
    114,
    114,
    114,
    559,
    14,
    14,
    14,
    14,
    14,
    14,
    14,
    14,
    14,
    14,
    14,
    14,
    14,
    14,
    14,
    14,
    14,
    21,
    78,
    78,
    78,
    78,
    78,
    78,
    78,
    78,
    78,
    473,
    473,
    473,
    473,
    473,
    468,
    455,
    126,
    126,
    312,
    328,
    328,
    328,
    172,
    354,
    66,
    442,
    442,
    257,
    257,
    539,
    539,
    539,
    322,
    322,
    322,
    322,
    293,
    22,
    523,
    523,
    523,
    523,
    138,
    380,
    49,
    49,
    49,
    49,
    49,
    89,
    521,
    283,
    482,
    97,
    252,
    427,
    425,
    425,
    425,
    425,
    396,
    409,
    409,
    409,
    409,
    53,
    53,
    53,
    53,
    53,
    53,
    53,
    53,
    402,
    402,
    260,
    121,
    121,
    241
  ],
  "x_translations": [
    313,
    370,
    232,
    284,
    336,
    388,
    440,
    492,
    427,
    510,
    547,
    608,
    620,
    632,
    693,
    754,
    815,
    847,
    879,
    937,
    1034,
    1131,
    544,
    580,
    625,
    665,
    699,
    793,
    822,
    851,
    880,
    940,
    975,
    995,
    1042,
    1116,
    1150,
    1184,
    1218,
    1252,
    1286,
    1320,
    1354,
    1388,
    1422,
    1456,
    1490,
    1524,
    125,
    143,
    180,
    217,
    243,
    269,
    295,
    321,
    347,
    373,
    399,
    425,
    451,
    565,
    679,
    793,
    907,
    1021,
    1135,
    1249,
    1363,
    1477,
    114,
    80,
    205,
    330,
    455,
    580,
    705,
    830,
    900,
    970,
    1040,
    1110,
    1167,
    1204,
    1290,
    1351,
    1412,
    1469,
    57,
    114,
    171,
    228,
    69,
    126,
    183,
    240,
    297,
    354,
    411,
    468,
    266,
    35,
    91,
    147,
    203,
    259,
    309,
    525,
    385,
    406,
    427,
    448,
    469,
    511,
    553,
    595,
    637,
    684,
    731,
    778,
    825,
    872,
    919,
    966,
    62,
    124,
    186,
    248,
    310,
    372,
    434,
    496,
    315,
    558,
    661,
    764,
    388,
    448,
    518,
    588,
    658,
    728,
    798,
    868,
    938,
    1008,
    1078,
    1148,
    1218,
    1288,
    1358,
    1013,
    1083,
    1153,
    1223,
    98,
    196,
    294,
    392,
    490,
    588,
    686,
    784,
    882,
    1343,
    615,
    657,
    699,
    741,
    783,
    851,
    923,
    981,
    1039,
    1090,
    1119,
    1148,
    1177,
    1231,
    867,
    926,
    976,
    1026,
    1061,
    1096,
    1166,
    1236,
    980,
    1019,
    1058,
    1097,
    1136,
    132,
    176,
    287,
    398,
    509,
    620,
    659,
    252,
    378,
    504,
    630,
    756,
    727,
    778,
    854,
    904,
    993,
    882,
    269,
    304,
    441,
    578,
    715,
    189,
    259,
    371,
    483,
    595,
    341,
    385,
    429,
    473,
    517,
    561,
    605,
    649,
    693,
    726,
    435,
    522,
    617,
    707
  ],
  "y_translations": [
    72,
    72,
    152,
    152,
    152,
    152,
    152,
    152,
    72,
    72,
    72,
    72,
    72,
    72,
    72,
    72,
    72,
    72,
    72,
    72,
    72,
    72,
    152,
    152,
    152,
    152,
    152,
    152,
    152,
    152,
    152,
    152,
    152,
    152,
    152,
    152,
    152,
    152,
    152,
    152,
    152,
    152,
    152,
    152,
    152,
    152,
    152,
    152,
    244,
    244,
    244,
    244,
    244,
    244,
    244,
    244,
    244,
    244,
    244,
    244,
    244,
    244,
    244,
    244,
    244,
    244,
    244,
    244,
    244,
    244,
    360,
    370,
    370,
    370,
    370,
    370,
    370,
    370,
    370,
    370,
    370,
    370,
    370,
    370,
    370,
    370,
    370,
    370,
    494,
    494,
    494,
    494,
    617,
    617,
    617,
    617,
    617,
    617,
    617,
    617,
    494,
    539,
    539,
    539,
    539,
    539,
    539,
    617,
    539,
    539,
    539,
    539,
    539,
    539,
    539,
    539,
    539,
    539,
    539,
    539,
    539,
    539,
    539,
    539,
    719,
    719,
    719,
    719,
    719,
    719,
    719,
    719,
    494,
    719,
    719,
    719,
    494,
    494,
    494,
    494,
    494,
    494,
    494,
    494,
    494,
    494,
    494,
    494,
    494,
    494,
    494,
    539,
    539,
    539,
    539,
    832,
    832,
    832,
    832,
    832,
    832,
    832,
    832,
    832,
    539,
    617,
    617,
    617,
    617,
    617,
    617,
    617,
    617,
    617,
    617,
    617,
    617,
    617,
    617,
    719,
    719,
    719,
    719,
    719,
    719,
    719,
    719,
    832,
    832,
    832,
    832,
    832,
    947,
    947,
    947,
    947,
    947,
    947,
    947,
    1064,
    1064,
    1064,
    1064,
    1064,
    947,
    947,
    947,
    947,
    947,
    1064,
    1249,
    1249,
    1249,
    1249,
    1249,
    1212,
    1212,
    1212,
    1212,
    1212,
    1338,
    1338,
    1338,
    1338,
    1338,
    1338,
    1338,
    1338,
    1338,
    1338,
    1442,
    1442,
    1442,
    1212
  ]
}