{
  "type": "cgshop2024_solution",
  "name": "random_c_006136_200",
  "num_included_items": 60,
  "meta": {
    "algorithm": "BASELINE"
  },
  "item_indices": [
    11,
    16,
    108,
    19,
    129,
    121,
    83,
    102,
    103,
    103,
    29,
    7,
    7,
    7,
    7,
    7,
    91,
    79,
    79,
    36,
    23,
    23,
    17,
    116,
    116,
    116,
    6,
    56,
    92,
    89,
    62,
    32,
    32,
    32,
    73,
    46,
    8,
    72,
    93,
    77,
    42,
    42,
    119,
    71,
    69,
    78,
    84,
    95,
    4,
    120,
    31,
    43,
    128,
    128,
    39,
    0,
    53,
    63,
    27,
    49
  ],
  "x_translations": [
    35,
    30,
    43,
    61,
    70,
    26,
    50,
    75,
    80,
    108,
    87,
    112,
    139,
    166,
    193,
    220,
    136,
    155,
    189,
    52,
    72,
    89,
    13,
    106,
    143,
    180,
    217,
    86,
    58,
    241,
    265,
    96,
    126,
    156,
    105,
    133,
    165,
    193,
    220,
    96,
    122,
    162,
    202,
    225,
    243,
    268,
    169,
    134,
    202,
    168,
    250,
    275,
    202,
    232,
    216,
    110,
    246,
    276,
    293,
    262
  ],
  "y_translations": [
    35,
    83,
    83,
    83,
    35,
    58,
    58,
    83,
    35,
    35,
    83,
    83,
    83,
    83,
    83,
    83,
    35,
    35,
    35,
    118,
    118,
    118,
    17,
    118,
    118,
    118,
    118,
    58,
    17,
    118,
    118,
    17,
    17,
    17,
    58,
    58,
    58,
    58,
    58,
    155,
    155,
    155,
    155,
    155,
    155,
    155,
    239,
    214,
    239,
    214,
    239,
    239,
    214,
    214,
    273,
    195,
    273,
    273,
    273,
    214
  ]
}