instance,type,num items,min i. value,max i. value,avg i. value,sum i. value,c. is rect,num grid points,num sides c.,area c.,min i. sides,max i. sides,avg i. sides,min i. area,max i. area,avg i. area,avg i-c area ratio,lower bound,upper bound,num i. packed,total score,improvement,loss,coverage,utilization,ms
atris19260,ATRIS,19260,1423251,15169876,6079509.725,1.17E+11,TRUE,7.75E+12,4,7.75E+12,4,12,8.871858775,1.76E+08,9.83E+08,5.03E+08,6.49E-05,40762629543,0,4486,40762629543,0,76328727755,2.76E+12,0.356188199,0
atris3323,ATRIS,3323,1428143,14423410,6120624.122,20338833957,TRUE,6.73E+13,4,6.73E+13,4,12,8.888353897,1.74E+10,9.52E+10,5.07E+10,7.52E-04,3647512686,0,371,3647512686,0,16691321271,2.38E+13,0.352751486,0
atris20367,ATRIS,20367,1337855,14841043,6083488.531,1.24E+11,TRUE,5.86E+12,4,5.86E+12,4,12,8.855697943,1.82E+08,9.88E+08,5.04E+08,8.59E-05,30060247709,0,3163,30060247709,0,93842163199,1.99E+12,0.338538576,0
atris1240,ATRIS,1240,1600718,13299531,6072933.868,7530437996,TRUE,3.12E+13,4,3.12E+13,4,12,8.820967742,2.05E+10,9.28E+10,5.03E+10,0.0016129,1855086690,0,199,1855086690,0,5675351306,1.23E+13,0.394907628,0
atris3934,ATRIS,3934,1368658,15071250,6090922.179,23961687853,TRUE,1.59E+14,4,1.59E+14,4,12,8.827656329,1.81E+10,9.58E+10,5.05E+10,3.18E-04,8633379765,0,957,8633379765,0,15328308088,5.88E+13,0.369535351,0
atris49462,ATRIS,49462,1414062,15559017,6089977.524,3.01E+11,TRUE,1.66E+13,4,1.66E+13,4,12,8.86098419,1.81E+08,1.04E+09,5.04E+08,3.03E-05,84522107608,0,9073,84522107608,0,2.17E+11,5.64E+12,0.339064094,0
atris18921,ATRIS,18921,1365323,15233176,6079555.954,1.15E+11,TRUE,5.44E+12,4,5.44E+12,4,12,8.832936948,1.83E+08,9.89E+08,5.04E+08,9.25E-05,28520144902,0,3012,28520144902,0,86511133307,1.89E+12,0.346518062,0
atris1266,ATRIS,1266,1481555,14933587,6024001.288,7626385630,TRUE,5.05E+13,4,5.05E+13,4,12,8.793048973,1.98E+10,9.61E+10,4.99E+10,9.87E-04,2833280786,0,317,2833280786,0,4793104844,1.93E+13,0.381312649,0
atris7260,ATRIS,7260,1406509,14545192,6132396.471,44521198380,TRUE,2.94E+12,4,2.94E+12,4,12,8.881818182,1.90E+08,9.64E+08,5.07E+08,1.72E-04,15596029304,0,1718,15596029304,0,28925169076,1.06E+12,0.359136379,0
atris1660,ATRIS,1660,1516150,14262710,6194020.723,10282074401,TRUE,4.24E+13,4,4.24E+13,4,12,8.951807229,2.14E+10,9.16E+10,5.11E+10,0.001204819,2464739541,0,257,2464739541,0,7817334860,1.63E+13,0.384060344,0
atris13846,ATRIS,13846,1407615,14946613,6083387.158,84230578583,TRUE,5.58E+12,4,5.58E+12,4,12,8.848909432,1.79E+08,9.77E+08,5.04E+08,9.03E-05,28737989418,0,3141,28737989418,0,55492589165,1.95E+12,0.348539945,0
atris2986,ATRIS,2986,1372104,14475894,6027384.845,17997771148,TRUE,1.36E+14,4,1.36E+14,4,12,8.823174816,1.89E+10,9.55E+10,5.03E+10,3.68E-04,7360069013,0,837,7360069013,0,10637702135,5.11E+13,0.374648569,0
atris1797,ATRIS,1797,1558192,13854310,6154763.789,11060110529,TRUE,7.31E+13,4,7.31E+13,4,12,8.938230384,1.97E+10,9.75E+10,5.08E+10,6.96E-04,4155438643,0,464,4155438643,0,6904671886,2.85E+13,0.390595236,0
atris2090,ATRIS,2090,1409637,15010417,6173741.113,12903118927,TRUE,9.69E+13,4,9.69E+13,4,12,8.98277512,1.95E+10,9.49E+10,5.10E+10,5.26E-04,5062050579,0,582,5062050579,0,7841068348,3.49E+13,0.360097824,0
atris49252,ATRIS,49252,1356193,15752462,6083004.206,3.00E+11,TRUE,1.99E+13,4,1.99E+13,4,12,8.846544303,1.82E+08,9.98E+08,5.05E+08,2.54E-05,1.02E+11,0,11170,1.02E+11,0,1.98E+11,6.92E+12,0.347840478,0
atris3249,ATRIS,3249,1455800,14017901,6125497.531,19901741479,TRUE,8.22E+13,4,8.22E+13,4,12,8.915974146,1.99E+10,9.48E+10,5.06E+10,6.16E-04,4322958555,0,447,4322958555,0,15578782924,2.84E+13,0.345332275,0
atris10619,ATRIS,10619,1358290,14982828,6122851.621,65018561360,TRUE,2.69E+12,4,2.69E+12,4,12,8.925510877,1.89E+08,1.03E+09,5.06E+08,1.88E-04,14270109613,0,1521,14270109613,0,50748451747,9.42E+11,0.350340015,0
atris1672,ATRIS,1672,1550890,13571260,6063078.929,10137467969,TRUE,2.81E+13,4,2.81E+13,4,12,8.812200957,1.97E+10,9.27E+10,5.03E+10,0.001794266,1646965528,0,175,1646965528,0,8490502441,1.09E+13,0.389585767,0
atris4630,ATRIS,4630,1441448,14930390,6099571.711,28241017023,TRUE,1.34E+14,4,1.34E+14,4,12,8.863930886,1.96E+10,9.62E+10,5.05E+10,3.78E-04,7285078831,0,790,7285078831,0,20955938192,4.85E+13,0.363062812,0
atris39445,ATRIS,39445,1379199,15944776,6083954.352,2.40E+11,TRUE,7.95E+12,4,7.95E+12,4,12,8.875801749,1.75E+08,1.00E+09,5.04E+08,6.34E-05,40886162863,0,4148,40886162863,0,1.99E+11,2.66E+12,0.33498974,0
atris5288,ATRIS,5288,1458810,14422019,6103521.362,32275420964,TRUE,1.53E+12,4,1.53E+12,4,12,8.857034796,1.82E+08,9.61E+08,5.05E+08,3.31E-04,8344101433,0,881,8344101433,0,23931319531,5.54E+11,0.362383178,0
atris10681,ATRIS,10681,1372699,15437026,6123548.411,65405620574,TRUE,3.60E+12,4,3.60E+12,4,12,8.871266735,1.72E+08,9.65E+08,5.06E+08,1.40E-04,18754897470,0,1988,18754897470,0,46650723104,1.25E+12,0.346513237,0
atris2890,ATRIS,2890,1445459,14263176,6107580.628,17650908015,TRUE,7.29E+13,4,7.29E+13,4,12,8.903806228,1.79E+10,9.71E+10,5.05E+10,6.92E-04,4205975997,0,443,4205975997,0,13444932018,2.78E+13,0.380716768,0
atris15979,ATRIS,15979,1366945,15049268,6098640.707,97450179857,TRUE,3.23E+12,4,3.23E+12,4,12,8.848864134,1.75E+08,9.91E+08,5.06E+08,1.56E-04,18468128588,0,1877,18468128588,0,78982051269,1.20E+12,0.372557104,0
atris6238,ATRIS,6238,1414991,14342158,6124367.734,38203805926,TRUE,1.06E+12,4,1.06E+12,4,12,8.853158063,1.85E+08,9.84E+08,5.07E+08,4.81E-04,5336252221,0,531,5336252221,0,32867553705,3.45E+11,0.326644134,0
atris41643,ATRIS,41643,1371988,15131866,6119066.597,2.55E+11,TRUE,1.05E+13,4,1.05E+13,4,12,8.88816848,1.69E+08,1.00E+09,5.06E+08,4.80E-05,53621126937,0,5510,53621126937,0,2.01E+11,3.51E+12,0.333135672,0
atris11997,ATRIS,11997,1452454,14805843,6081405.566,72958622576,TRUE,2.42E+12,4,2.42E+12,4,12,8.883554222,1.85E+08,9.79E+08,5.04E+08,2.08E-04,13672447839,0,1406,13672447839,0,59286174737,8.93E+11,0.369151687,0
atris2812,ATRIS,2812,1543709,13789644,6113940.475,17192400617,TRUE,9.44E+13,4,9.44E+13,4,12,8.861308677,1.88E+10,9.81E+10,5.04E+10,5.33E-04,4933037321,0,540,4933037321,0,12259363296,3.30E+13,0.349917117,0
atris11358,ATRIS,11358,1394952,15143636,6110451.572,69402508958,TRUE,3.28E+12,4,3.28E+12,4,12,8.889064976,1.76E+08,1.00E+09,5.06E+08,1.54E-04,17133154853,0,1808,17133154853,0,52269354105,1.13E+12,0.345577282,0
jigsaw_cf2_x1e8d2b3_39,JIGSAW,39,14,408,100.4615385,3918,FALSE,1.57E+16,19,1.57E+16,3,10,4.897435897,1.27E+14,3.92E+15,9.62E+14,0.061169535,307,0,9,307,0,3611,2.91E+15,0.184908721,0
jigsaw_rcf4_37b8d52e_1338,JIGSAW,1338,11,1494,196.5866966,263033,FALSE,2.20E+16,15,2.20E+16,3,20,4.761584454,2.11E+12,7.45E+13,2.27E+13,0.001033016,15793,0,80,15793,0,247240,1.20E+15,0.054734453,0
jigsaw_cf2_x38b54e9_31,JIGSAW,31,6,433,100.4516129,3114,FALSE,1.57E+16,15,1.57E+16,3,10,4.516129032,5.88E+13,4.48E+15,1.04E+15,0.065729668,166,0,4,166,0,2948,1.70E+15,0.107897753,0
jigsaw_cf1_1ae14c9d_1379,JIGSAW,1379,1,1,1,1379,FALSE,2.55E+16,11,2.55E+16,3,20,4.707759246,2.78E+10,1.50E+15,7.58E+13,0.002968483,323,0,323,323,0,1056,1.34E+15,0.052440559,0
jigsaw_rcf1_6d3a7c3b_1325,JIGSAW,1325,1,3,1.995471698,2644,FALSE,1.62E+16,13,1.62E+16,3,19,4.773584906,1.45E+11,1.24E+14,1.70E+13,0.00104932,811,0,379,811,0,1833,1.16E+15,0.071528653,0
jigsaw_cf2_ebad6b02_335,JIGSAW,335,3,995,100.5074627,33670,FALSE,2.37E+16,13,2.37E+16,3,18,4.749253731,2.96E+12,1.14E+15,1.15E+14,0.004841687,2028,0,87,2028,0,31642,2.28E+15,0.09618928,0
jigsaw_rcf1_x251b042_3318,JIGSAW,3318,1,3,1.999095841,6633,FALSE,2.13E+16,11,2.13E+16,3,20,4.76702833,1.71E+10,1.25E+14,1.43E+13,6.75E-04,1290,0,506,1290,0,5343,1.06E+15,0.049883371,0
jigsaw_rcf3_5a515084_1325,JIGSAW,1325,1,4089,201.1358491,266505,FALSE,1.58E+16,19,1.58E+16,3,19,4.788679245,3.63E+10,4.52E+14,2.43E+13,0.001537057,39502,0,184,39502,0,227003,2.54E+15,0.160561921,0
jigsaw_cf4_x412b2f8_32731,JIGSAW,32731,1,3786,100.5042315,3289604,FALSE,1.75E+16,12,1.75E+16,3,20,4.834713269,6.64E+08,2.06E+13,1.02E+12,5.81E-05,299252,0,1906,299252,0,2990352,2.14E+15,0.122562471,0
jigsaw_rcf2_534443c6_61,JIGSAW,61,6,2062,195.1639344,11905,FALSE,2.02E+16,11,2.02E+16,3,12,4.786885246,2.24E+13,5.16E+15,5.01E+14,0.024823915,1126,0,21,1126,0,10779,3.06E+15,0.151717869,0
jigsaw_cf2_x338dc47_32816,JIGSAW,32816,1,763,100.4992686,3297984,FALSE,1.54E+16,16,1.54E+16,3,20,4.820301073,1.95E+08,5.82E+12,7.64E+11,4.94E-05,177657,0,9558,177657,0,3120327,1.31E+15,0.084787212,0
jigsaw_cf1_26916b6b_6598,JIGSAW,6598,1,1,1,6598,FALSE,1.47E+16,15,1.47E+16,3,20,4.820703243,3.26E+10,9.41E+13,4.94E+12,3.37E-04,2584,0,2584,2584,0,4014,1.37E+15,0.093482146,0
jigsaw_rcf1_x200a98a_3349,JIGSAW,3349,1,3,1.995222454,6682,FALSE,3.01E+16,11,3.01E+16,3,20,4.776052553,1.97E+12,4.44E+13,1.35E+13,4.48E-04,951,0,348,951,0,5731,2.12E+15,0.070438465,0
jigsaw_rcf2_31a965a0_29,JIGSAW,29,3,896,190.862069,5535,FALSE,1.82E+16,17,1.82E+16,3,10,4.896551724,2.21E+13,4.66E+15,1.04E+15,0.057313389,569,0,6,569,0,4966,2.67E+15,0.146842527,0
jigsaw_cf2_x53e7313_32896,JIGSAW,32896,1,865,100.4982369,3305990,FALSE,1.44E+16,19,1.44E+16,3,20,4.807392996,3.50E+09,8.00E+12,9.26E+11,6.43E-05,93260,0,5934,93260,0,3212730,8.22E+14,0.057103139,0
jigsaw_cf1_4fd4c46e_6548,JIGSAW,6548,1,1,1,6548,FALSE,1.44E+16,17,1.44E+16,3,20,4.76038485,3.34E+10,5.61E+13,6.53E+12,4.53E-04,1226,0,1226,1226,0,5322,9.81E+14,0.068016981,0
jigsaw_cf2_5db5d75a_34,JIGSAW,34,26,246,100.4411765,3415,FALSE,2.33E+16,12,2.33E+16,3,10,4.470588235,3.82E+14,3.64E+15,1.48E+15,0.063591132,298,0,5,298,0,3117,4.37E+15,0.187759576,0
jigsaw_rcf2_x401106d_683,JIGSAW,683,7,924,202.3352855,138195,FALSE,1.80E+16,14,1.80E+16,3,20,4.63250366,3.93E+12,2.22E+14,7.16E+13,0.003983004,9960,0,50,9960,0,128235,2.35E+15,0.130809438,0
jigsaw_rcf3_x699083b_71,JIGSAW,71,5,2016,199.3943662,14157,FALSE,1.76E+16,15,1.76E+16,3,17,4.577464789,2.15E+13,4.27E+15,6.31E+14,0.035886356,489,0,4,489,0,13668,1.04E+15,0.059165397,0
jigsaw_cf1_7b534d0f_30,JIGSAW,30,1,1,1,30,FALSE,2.12E+16,11,2.12E+16,3,15,5.033333333,4.55E+14,4.10E+15,1.27E+15,0.059948379,3,0,3,3,0,27,2.60E+15,0.122537573,0
jigsaw_rcf4_45bf920f_31,JIGSAW,31,32,717,227.8064516,7062,FALSE,1.42E+16,19,1.42E+16,3,10,4.612903226,3.54E+14,3.44E+15,1.41E+15,0.098942313,213,0,1,213,0,6849,1.01E+15,0.070992504,0
jigsaw_rcf4_x6f71c05_3333,JIGSAW,3333,2,3252,198.2976298,660926,FALSE,2.45E+16,18,2.45E+16,3,20,4.825082508,3.13E+11,1.63E+14,1.92E+13,7.85E-04,47322,0,332,47322,0,613604,2.87E+15,0.117144687,0
jigsaw_rcf4_944ca2fb_34,JIGSAW,34,43,888,215.3529412,7322,FALSE,1.52E+16,18,1.52E+16,3,10,4.794117647,2.38E+14,2.09E+15,6.94E+14,0.045721212,848,0,5,848,0,6474,2.23E+15,0.146583571,0
jigsaw_rcf1_x3d166d9_70,JIGSAW,70,1,3,2.142857143,150,FALSE,1.62E+16,18,1.62E+16,3,15,4.885714286,7.74E+12,2.52E+15,3.84E+14,0.023716761,46,0,22,46,0,104,1.89E+15,0.116916344,0
jigsaw_cf4_x632ed77_3287,JIGSAW,3287,1,1743,100.4934591,330322,FALSE,1.68E+16,15,1.68E+16,3,20,4.766352297,6.13E+10,2.32E+14,1.42E+13,8.46E-04,21391,0,234,21391,0,308931,2.21E+15,0.131407738,0
jigsaw_rcf1_x73eed8f_663,JIGSAW,663,1,3,1.960784314,1300,FALSE,1.57E+16,14,1.57E+16,3,18,4.671191554,3.99E+12,3.88E+14,5.80E+13,0.00368953,370,0,183,370,0,930,1.80E+15,0.114298593,0
jigsaw_rcf1_7d46e9d4_6582,JIGSAW,6582,1,3,1.997569128,13148,FALSE,1.69E+16,15,1.69E+16,3,20,4.798693406,1.91E+10,1.62E+14,7.27E+12,4.29E-04,4833,0,2291,4833,0,8315,1.04E+15,0.061475458,0
jigsaw_rcf1_3335bb71_327,JIGSAW,327,1,3,2.003058104,655,FALSE,2.06E+16,13,2.06E+16,3,16,4.669724771,2.20E+12,3.71E+15,1.79E+14,0.008714912,257,0,137,257,0,398,2.76E+15,0.133870942,0
jigsaw_cf3_x21b52c8_130,JIGSAW,130,6,552,100.4846154,13063,FALSE,2.01E+16,17,2.01E+16,3,13,4.615384615,1.45E+13,5.23E+14,1.63E+14,0.008110518,1902,0,21,1902,0,11161,2.61E+15,0.129680818,0
jigsaw_cf2_xe148943_75,JIGSAW,75,2,626,100.44,7533,FALSE,1.32E+16,20,1.32E+16,3,11,4.36,7.51E+12,2.58E+15,4.12E+14,0.031299875,243,0,22,243,0,7290,9.61E+14,0.072905842,0
jigsaw_rcf2_4646c11e_33039,JIGSAW,33039,1,2385,200.6906383,6630618,FALSE,1.92E+16,11,1.92E+16,3,20,4.82193771,5.47E+09,1.46E+13,1.83E+12,9.54E-05,257250,0,3620,257250,0,6373368,1.54E+15,0.08012891,0
jigsaw_rcf4_x11655bb_6573,JIGSAW,6573,1,7818,202.810893,1333076,FALSE,1.27E+16,20,1.27E+16,3,20,4.785029667,2.06E+10,7.52E+13,3.60E+12,2.83E-04,140188,0,725,140188,0,1192888,1.45E+15,0.114329202,0
jigsaw_cf1_504b1421_159,JIGSAW,159,1,1,1,159,FALSE,2.03E+16,12,2.03E+16,3,15,4.377358491,2.26E+12,1.80E+15,2.36E+14,0.011603753,36,0,36,36,0,123,1.51E+15,0.074368071,0
jigsaw_rcf1_x25cf0d3_6582,JIGSAW,6582,1,3,2.004709815,13195,FALSE,2.03E+16,15,2.03E+16,3,20,4.829079307,1.27E+09,1.42E+14,6.23E+12,3.07E-04,5245,0,2599,5245,0,7950,1.37E+15,0.067379724,0
jigsaw_cf1_x151a4e0_343,JIGSAW,343,1,1,1,343,FALSE,2.38E+16,11,2.38E+16,3,16,4.623906706,1.18E+13,2.65E+14,9.38E+13,0.0039394,23,0,23,23,0,320,8.26E+14,0.034677555,0
jigsaw_cf4_273db689_28,JIGSAW,28,27,227,100.4642857,2813,FALSE,2.01E+16,15,2.01E+16,3,12,4.428571429,3.55E+14,3.08E+15,1.36E+15,0.067333901,215,0,3,215,0,2598,2.89E+15,0.143592525,0
jigsaw_rcf3_27e14196_6595,JIGSAW,6595,1,3834,200.5470811,1322608,FALSE,1.94E+16,16,1.94E+16,3,20,4.79787718,5.21E+10,7.13E+13,1.01E+13,5.23E-04,93119,0,655,93119,0,1229489,2.29E+15,0.117881049,0
jigsaw_cf4_x252babb_6578,JIGSAW,6578,1,3318,100.499848,661088,FALSE,2.38E+16,12,2.38E+16,3,20,4.781848586,1.31E+10,2.12E+14,1.11E+13,4.68E-04,24614,0,57,24614,0,636474,1.63E+15,0.068640816,0
jigsaw_cf3_xcd14250_28,JIGSAW,28,6,379,100.3571429,2810,FALSE,1.49E+16,15,1.49E+16,3,11,5.178571429,5.71E+13,4.37E+15,1.06E+15,0.07090952,125,0,7,125,0,2685,1.24E+15,0.083648204,0
jigsaw_rcf4_6de1b3b7_1363,JIGSAW,1363,3,2268,198.651504,270762,FALSE,1.42E+16,13,1.42E+16,3,20,4.729273661,5.65E+11,1.72E+14,2.18E+13,0.001539768,19285,0,189,19285,0,251477,1.38E+15,0.097318975,0
jigsaw_rcf4_x296c58c_70,JIGSAW,70,4,2532,229.7857143,16085,FALSE,1.92E+16,15,1.92E+16,3,14,4.257142857,1.15E+13,3.90E+15,3.77E+14,0.019673546,1993,0,7,1993,0,14092,2.51E+15,0.131118167,0
jigsaw_cf2_xf42cb20_670,JIGSAW,670,8,713,100.4940299,67331,FALSE,1.74E+16,20,1.74E+16,3,20,4.713432836,5.93E+12,5.65E+14,7.94E+13,0.004552694,3183,0,143,3183,0,64148,2.46E+15,0.141104285,0
jigsaw_rcf1_2197ecdd_6585,JIGSAW,6585,1,3,1.991040243,13111,FALSE,1.59E+16,11,1.59E+16,3,20,4.785573273,2.71E+10,6.23E+13,7.05E+12,4.43E-04,2785,0,1101,2785,0,10326,1.12E+15,0.070306305,0
jigsaw_rcf3_x438c9fe_328,JIGSAW,328,2,4929,193.8993902,63599,FALSE,1.36E+16,14,1.36E+16,3,20,4.853658537,9.98E+11,6.89E+14,4.96E+13,0.003661865,13662,0,55,13662,0,49937,2.03E+15,0.149560136,0
jigsaw_rcf1_x7c5577e_36,JIGSAW,36,1,3,2.111111111,76,FALSE,1.66E+16,16,1.66E+16,3,10,4.416666667,1.57E+14,1.25E+15,4.73E+14,0.028419034,13,0,8,13,0,63,2.61E+15,0.156840351,0
jigsaw_rcf2_x79af493_139,JIGSAW,139,5,2816,183.7553957,25542,FALSE,1.94E+16,19,1.94E+16,3,19,4.741007194,6.38E+12,2.75E+15,1.95E+14,0.010068689,2483,0,43,2483,0,23059,1.82E+15,0.093731302,0
jigsaw_cf1_4a53ec61_3293,JIGSAW,3293,1,1,1,3293,FALSE,1.51E+16,17,1.51E+16,3,20,4.714849681,1.24E+10,3.33E+14,1.63E+13,0.001080161,1033,0,1033,1033,0,2260,7.39E+14,0.048835726,0
jigsaw_rcf4_xb9f4bdd_33015,JIGSAW,33015,1,6033,200.8218991,6630135,FALSE,2.64E+16,12,2.64E+16,3,20,4.832379222,1.22E+09,1.54E+13,1.64E+12,6.22E-05,538578,0,1927,538578,0,6091557,2.62E+15,0.099361484,0
jigsaw_cf1_203072aa_32622,JIGSAW,32622,1,1,1,32622,FALSE,2.09E+16,16,2.09E+16,3,20,4.838268653,1.73E+09,8.92E+12,1.27E+12,6.07E-05,9404,0,9404,9404,0,23218,1.85E+15,0.088483181,0
jigsaw_rcf3_x1142c4a_3315,JIGSAW,3315,3,3428,202.3432881,670768,FALSE,1.73E+16,11,1.73E+16,3,20,4.767722474,3.71E+11,1.30E+14,1.81E+13,0.001046801,50666,0,301,50666,0,620102,2.36E+15,0.136238472,0
jigsaw_rcf4_7702a097_70,JIGSAW,70,34,909,200.2714286,14019,FALSE,1.96E+16,16,1.96E+16,3,17,4.557142857,2.17E+14,2.13E+15,6.49E+14,0.033072686,1455,0,6,1455,0,12564,3.16E+15,0.161196148,0
jigsaw_rcf3_x1944562_3300,JIGSAW,3300,2,2037,202.8184848,669301,FALSE,2.29E+16,14,2.29E+16,3,20,4.765757576,4.32E+10,3.29E+13,9.47E+12,4.13E-04,58877,0,176,58877,0,610424,1.42E+15,0.061893446,0
jigsaw_cf3_12497ba7_32852,JIGSAW,32852,1,1520,100.4986302,3301581,FALSE,2.11E+16,11,2.11E+16,3,20,4.816632169,6.52E+08,1.08E+13,1.34E+12,6.35E-05,242849,0,3384,242849,0,3058732,2.25E+15,0.106608202,0
jigsaw_cf2_x70a1e53_1324,JIGSAW,1324,4,324,100.4939577,133054,FALSE,2.01E+16,17,2.01E+16,3,20,4.773413897,1.26E+12,1.03E+14,3.17E+13,0.001576065,5163,0,106,5163,0,127891,1.61E+15,0.080101042,0
jigsaw_rcf4_5b859f68_336,JIGSAW,336,2,4557,218.0446429,73263,FALSE,1.77E+16,16,1.77E+16,3,19,4.630952381,2.23E+12,2.32E+15,1.61E+14,0.009129515,2279,0,56,2279,0,70984,1.25E+15,0.070423179,0
jigsaw_cf1_x47a0fe7_1363,JIGSAW,1363,1,1,1,1363,FALSE,1.72E+16,19,1.72E+16,3,20,4.776962583,2.85E+12,6.02E+13,1.84E+13,0.001065948,159,0,159,159,0,1204,1.18E+15,0.068243418,0
jigsaw_rcf1_e4f6ad12_331,JIGSAW,331,1,3,2.051359517,679,FALSE,1.84E+16,20,1.84E+16,3,19,4.637462236,1.09E+13,1.06E+15,1.64E+14,0.008925571,172,0,79,172,0,507,2.53E+15,0.137367434,0
jigsaw_rcf1_576b224d_3288,JIGSAW,3288,1,3,2.01703163,6632,FALSE,1.50E+16,15,1.50E+16,3,20,4.778284672,2.02E+10,1.69E+14,7.82E+12,5.21E-04,3226,0,1566,3226,0,3406,1.39E+15,0.092710381,0
jigsaw_cf1_fa228ab6_337,JIGSAW,337,1,1,1,337,FALSE,1.65E+16,13,1.65E+16,3,19,4.851632047,3.74E+12,5.47E+14,8.19E+13,0.004946803,93,0,93,93,0,244,1.39E+15,0.083728904,0
jigsaw_rcf4_x4ee7385_1339,JIGSAW,1339,30,1284,200.1613144,268016,FALSE,1.41E+16,20,1.41E+16,3,20,4.775952203,2.93E+12,3.87E+13,1.27E+13,9.01E-04,39403,0,176,39403,0,228613,1.66E+15,0.117885332,0
random_cf1_x5c10455_10000,RANDOM,10000,1,1,1,10000,FALSE,4.94E+13,19,4.94E+13,3,21,5.6546,1000000,9.12E+10,1.72E+10,3.48E-04,1876,0,1876,1876,0,8124,6.74E+12,0.136339953,0
random_rcf2_5c2f5d8b_200,RANDOM,200,3,984,205.265,41053,FALSE,6.47E+12,5,6.47E+12,3,16,4.485,3.00E+08,1.76E+11,4.37E+10,0.006749421,9311,0,39,9311,0,31742,1.50E+12,0.231157293,0
random_cf1_x6c375be_50000,RANDOM,50000,1,1,1,50000,FALSE,7.52E+12,15,7.52E+12,3,21,4.64158,95000,5.32E+09,7.47E+08,9.93E-05,6680,0,6680,6680,0,43320,7.66E+11,0.101750996,0
random_rcf4_69d930c3_500,RANDOM,500,2,1383,199.556,99778,FALSE,2.34E+13,17,2.34E+13,3,19,4.228,4.50E+08,4.69E+11,9.99E+10,0.004265947,18024,0,102,18024,0,81754,6.12E+12,0.261468517,0
random_cf3_1c1ba767_50,RANDOM,50,3,253,100.54,5027,FALSE,4.98E+13,19,4.98E+13,3,7,4.44,5.00E+10,5.86E+12,1.73E+12,0.03483119,547,0,7,547,0,4480,7.43E+12,0.14931672,0
random_cf1_54081766_500,RANDOM,500,1,1,1,500,FALSE,1.78E+13,17,1.78E+13,3,20,6.14,5.00E+08,4.12E+11,9.99E+10,0.00562452,86,0,86,86,0,414,2.67E+12,0.150326669,0
random_cf4_50e0d4d9_100,RANDOM,100,8,361,100.54,10054,FALSE,2.40E+12,8,2.40E+12,3,19,7.5,2.55E+09,1.13E+11,2.84E+10,0.011822851,1398,0,14,1398,0,8656,3.48E+11,0.144900717,0
random_rcf1_70921d4c_50000,RANDOM,50000,1,3,1.98784,99392,FALSE,1.49E+13,12,1.49E+13,3,22,6.67816,130000,5.31E+09,7.61E+08,5.10E-05,24920,0,10816,24920,0,74472,2.98E+12,0.199568355,0
random_cf2_x55f520f_50000,RANDOM,50000,1,644,100.49496,5024748,FALSE,7.93E+12,6,7.93E+12,3,22,6.86254,630000,4.93E+09,7.67E+08,9.67E-05,201709,0,6091,201709,0,4823039,1.52E+12,0.191130794,0
random_rcf1_340f4443_500,RANDOM,500,1,3,2.028,1014,FALSE,3.97E+13,11,3.97E+13,3,20,5.216,3.05E+09,3.85E+11,9.90E+10,0.002493014,337,0,140,337,0,677,1.03E+13,0.258332399,0
random_cf1_x32f7db7_200,RANDOM,200,1,1,1,200,FALSE,4.22E+12,17,4.22E+12,3,21,5.97,1.55E+09,2.42E+11,5.42E+10,0.012830362,43,0,43,43,0,157,7.98E+11,0.189030165,0
random_rcf4_7cbb0868_50000,RANDOM,50000,1,2277,199.2999,9964995,FALSE,2.28E+13,9,2.28E+13,3,21,5.6303,50000,5.48E+09,7.31E+08,3.20E-05,2761678,0,9896,2761678,0,7203317,6.02E+12,0.263785662,0
random_cf4_5f36961f_500,RANDOM,500,1,369,100.502,50251,FALSE,2.79E+13,12,2.79E+13,3,16,5.136,6.00E+08,3.69E+11,1.12E+11,0.004033892,8246,0,58,8246,0,42005,6.82E+12,0.24468755,0
random_rcf4_32e6daf1_10000,RANDOM,10000,1,1575,204.3297,2043297,FALSE,3.85E+13,20,3.85E+13,3,20,4.5829,1500000,9.83E+10,1.57E+10,4.09E-04,258047,0,791,258047,0,1785250,9.65E+12,0.25094472,0
random_cf4_x72dca06_50,RANDOM,50,3,314,100.54,5027,FALSE,5.42E+13,13,5.42E+13,3,14,4.86,5.00E+10,5.93E+12,2.02E+12,0.037315387,111,0,4,111,0,4916,1.66E+12,0.030607541,0
random_cf1_x6dad719_500,RANDOM,500,1,1,1,500,FALSE,2.30E+13,14,2.30E+13,3,20,6.136,1.00E+08,6.81E+11,1.06E+11,0.004613393,85,0,85,85,0,415,2.67E+12,0.11596175,0
random_cf1_6de164e1_200,RANDOM,200,1,1,1,200,FALSE,5.43E+12,11,5.43E+12,3,19,4.445,4.50E+08,1.69E+11,4.22E+10,0.007777174,40,0,40,40,0,160,6.19E+11,0.1141028,0
random_cf1_720892de_5000,RANDOM,5000,1,1,1,5000,FALSE,3.36E+13,6,3.36E+13,3,21,6.1112,2.15E+07,5.60E+10,8.11E+09,2.42E-04,1677,0,1677,1677,0,3323,7.81E+12,0.232494935,0
random_rcf1_5005b6d4_100,RANDOM,100,1,3,2.23,223,FALSE,1.85E+12,18,1.85E+12,3,19,6.57,4.50E+08,8.44E+10,2.45E+10,0.013211002,55,0,24,55,0,168,2.40E+11,0.129324525,0
random_rcf1_x7dc2687_200,RANDOM,200,1,3,1.955,391,FALSE,6.52E+12,20,6.52E+12,3,13,4.18,6.00E+08,1.45E+11,4.30E+10,0.006594202,123,0,55,123,0,268,1.14E+12,0.174314318,0
random_cf1_64ac4991_50,RANDOM,50,1,1,1,50,FALSE,3.34E+13,20,3.34E+13,3,7,3.7,8.00E+10,3.67E+12,1.60E+12,0.047957504,7,0,7,7,0,43,3.03E+12,0.090528206,0
random_rcf2_x4db924e_5000,RANDOM,5000,1,1722,208.4282,1042141,FALSE,1.04E+13,13,1.04E+13,3,19,5.6534,1.10E+07,4.58E+10,7.99E+09,7.67E-04,96128,0,563,96128,0,946013,2.53E+12,0.243123944,0
random_rcf2_x2871624_50,RANDOM,50,4,630,190.3,9515,FALSE,5.52E+13,9,5.52E+13,3,12,5.24,3.50E+10,4.98E+12,2.24E+12,0.040485463,1307,0,7,1307,0,8208,1.00E+13,0.181777013,0
random_rcf2_x25afb10_2000,RANDOM,2000,1,1203,201.4495,402899,FALSE,4.22E+12,19,4.22E+12,3,20,6.3885,1500000,1.76E+10,3.31E+09,7.86E-04,110568,0,375,110568,0,292331,1.23E+12,0.290789078,0
random_cf3_x6a9d8c0_2000,RANDOM,2000,1,453,100.5045,201009,FALSE,3.26E+12,9,3.26E+12,3,20,6.0825,1.20E+07,1.81E+10,3.30E+09,0.001013141,34014,0,257,34014,0,166995,8.48E+11,0.260533782,0
random_cf3_1b0922a9_2000,RANDOM,2000,1,523,100.475,200950,FALSE,5.06E+12,14,5.06E+12,3,21,5.084,2000000,2.46E+10,3.52E+09,6.97E-04,36092,0,519,36092,0,164858,1.05E+12,0.206811447,0
random_cf4_2fb3bbda_10000,RANDOM,10000,1,719,100.5041,1005041,FALSE,3.54E+13,12,3.54E+13,3,20,4.2407,3500000,9.77E+10,1.51E+10,4.25E-04,62228,0,1207,62228,0,942813,7.21E+12,0.203529297,0
random_cf3_1ec21f4b_100,RANDOM,100,3,228,100.55,10055,FALSE,3.16E+12,8,3.16E+12,3,17,7.63,8.00E+08,1.08E+11,3.28E+10,0.010389592,2514,0,23,2514,0,7541,6.48E+11,0.20521673,0
random_cf3_512f73fe_500,RANDOM,500,2,432,100.546,50273,FALSE,2.84E+13,20,2.84E+13,3,21,7.138,1.20E+09,4.10E+11,1.04E+11,0.003666363,7390,0,71,7390,0,42883,5.39E+12,0.190057923,0
random_cf1_x1869fdd_100,RANDOM,100,1,1,1,100,FALSE,1.96E+12,18,1.96E+12,3,18,5.38,1.00E+09,1.38E+11,3.19E+10,0.016305115,26,0,26,26,0,74,4.56E+11,0.233452685,0
random_cf1_x51ab828_2000,RANDOM,2000,1,1,1,2000,FALSE,1.69E+12,6,1.69E+12,3,20,4.2555,6000000,1.81E+10,3.51E+09,0.00207669,310,0,310,310,0,1690,1.61E+11,0.095239546,0
random_cf4_x414b785_100,RANDOM,100,7,249,100.48,10048,FALSE,1.54E+12,11,1.54E+12,3,17,5.7,2.05E+09,8.40E+10,2.86E+10,0.018601221,1831,0,12,1831,0,8217,3.98E+11,0.258316008,0
random_rcf4_6e323d40_100,RANDOM,100,6,744,196.78,19678,FALSE,1.52E+12,18,1.52E+12,3,19,5.78,6.50E+08,8.38E+10,2.83E+10,0.018565383,3069,0,13,3069,0,16609,3.02E+11,0.198248146,0
random_rcf3_x3d52d59_2000,RANDOM,2000,2,1731,207.9935,415987,FALSE,1.48E+12,12,1.48E+12,3,15,4.4625,4000000,2.28E+10,3.57E+09,0.002406432,27169,0,178,27169,0,388818,2.32E+11,0.156860958,0
random_rcf4_x540254f_50,RANDOM,50,5,978,196.9,9845,FALSE,6.40E+13,15,6.40E+13,3,14,4.8,8.00E+10,4.29E+12,1.55E+12,0.024182301,1545,0,7,1545,0,8300,8.76E+12,0.136882427,0
random_cf1_327d5170_10000,RANDOM,10000,1,1,1,10000,FALSE,8.37E+13,9,8.37E+13,3,22,4.6013,7000000,8.42E+10,1.55E+10,1.85E-04,3045,0,3045,3045,0,6955,1.69E+13,0.201618979,0
random_cf3_x570e994_10000,RANDOM,10000,1,531,100.4939,1004939,FALSE,5.50E+13,18,5.50E+13,3,22,6.9877,8000000,8.64E+10,1.53E+10,2.79E-04,120311,0,1017,120311,0,884628,1.17E+13,0.21254402,0
random_cf1_27383a82_5000,RANDOM,5000,1,1,1,5000,FALSE,1.10E+13,10,1.10E+13,3,20,7.1204,4000000,5.63E+10,8.57E+09,7.80E-04,773,0,773,773,0,4227,1.59E+12,0.145056213,0
random_cf2_74ae2d30_50,RANDOM,50,2,249,100.56,5028,FALSE,6.25E+13,15,6.25E+13,3,19,6.38,3.50E+10,5.42E+12,2.19E+12,0.034944826,566,0,8,566,0,4462,1.22E+13,0.19566608,0
random_rcf1_78877e61_200,RANDOM,200,1,3,2.135,427,FALSE,4.44E+12,13,4.44E+12,3,17,5.2,3.00E+08,1.50E+11,4.60E+10,0.010360519,93,0,39,93,0,334,6.00E+11,0.135194511,0
random_cf2_x7e61ca2_5000,RANDOM,5000,1,659,100.4872,502436,FALSE,1.24E+13,9,1.24E+13,3,18,4.6262,2500000,5.22E+10,7.93E+09,6.40E-04,22881,0,906,22881,0,479555,1.77E+12,0.142659799,0
random_cf2_6d9eb964_10000,RANDOM,10000,1,458,100.4932,1004932,FALSE,5.39E+13,17,5.39E+13,3,22,5.4621,2000000,6.92E+10,1.51E+10,2.80E-04,64302,0,2169,64302,0,940630,9.51E+12,0.176400785,0
random_rcf1_x831dfdb_10000,RANDOM,10000,1,3,1.9543,19543,FALSE,4.38E+13,14,4.38E+13,3,20,4.1293,4000000,1.27E+11,1.51E+10,3.45E-04,4533,0,1942,4533,0,15010,6.79E+12,0.154892384,0
random_rcf3_75bcfc60_10000,RANDOM,10000,1,1200,201.8278,2018278,FALSE,4.87E+13,19,4.87E+13,3,21,6.6231,1.20E+07,7.87E+10,1.58E+10,3.25E-04,296210,0,923,296210,0,1722068,1.19E+13,0.244220319,0
random_cf1_x53b606b_1000,RANDOM,1000,1,1,1,1000,FALSE,1.41E+12,8,1.41E+12,3,18,4.981,3000000,1.17E+10,2.01E+09,0.001423323,271,0,271,271,0,729,3.39E+11,0.239661565,0
random_cf3_327b5d4c_5000,RANDOM,5000,1,608,100.4844,502422,FALSE,1.56E+13,14,1.56E+13,3,20,5.2324,9500000,5.92E+10,7.65E+09,4.91E-04,72398,0,517,72398,0,430024,3.76E+12,0.241178862,0
random_rcf1_x1c1c14b_500,RANDOM,500,1,3,2.098,1049,FALSE,5.03E+13,16,5.03E+13,3,17,6.888,5.50E+08,5.54E+11,1.06E+11,0.002103849,449,0,195,449,0,600,1.24E+13,0.2468733,0
random_cf3_x21f5def_200,RANDOM,200,3,322,100.505,20101,FALSE,7.42E+12,17,7.42E+12,3,17,6.64,1.00E+09,1.39E+11,4.61E+10,0.006208486,4702,0,34,4702,0,15399,1.73E+12,0.232904126,0
random_rcf1_477eb796_50,RANDOM,50,1,3,1.98,99,FALSE,6.39E+13,9,6.39E+13,3,17,6.62,1.85E+11,5.76E+12,1.67E+12,0.026185744,27,0,13,27,0,72,9.40E+12,0.147015101,0
random_rcf3_x7651267_1000,RANDOM,1000,1,1278,192.925,192925,FALSE,9.20E+11,5,9.20E+11,3,19,5.586,5000000,8.32E+09,1.81E+09,0.001973484,38744,0,139,38744,0,154181,2.13E+11,0.231865649,0
random_rcf1_x6e7ed44_5000,RANDOM,5000,1,3,1.984,9920,FALSE,3.45E+13,10,3.45E+13,3,19,5.4514,2000000,4.30E+10,8.53E+09,2.47E-04,3933,0,1801,3933,0,5987,8.38E+12,0.242627338,0
random_rcf2_x58d9352_100,RANDOM,100,2,1089,215.23,21523,FALSE,1.45E+12,11,1.45E+12,3,22,7.41,1.00E+08,1.10E+11,3.03E+10,0.020895255,2643,0,11,2643,0,18880,2.68E+11,0.184641933,0
random_rcf1_x7effebe_1000,RANDOM,1000,1,3,2.071,2071,FALSE,8.28E+13,17,8.28E+13,3,19,5.699,6.00E+08,9.99E+11,1.91E+11,0.002311043,529,0,220,529,0,1542,1.26E+13,0.152637847,0
random_cf1_x665a736_100,RANDOM,100,1,1,1,100,FALSE,1.24E+12,12,1.24E+12,3,18,6.72,2.20E+09,7.56E+10,2.35E+10,0.018954628,12,0,12,12,0,88,1.33E+11,0.107521678,0
random_cf1_x15dff42_50,RANDOM,50,1,1,1,50,FALSE,5.62E+13,14,5.62E+13,3,14,5.28,2.00E+10,4.18E+12,1.63E+12,0.028896595,14,0,14,14,0,36,1.26E+13,0.223970837,0
random_rcf1_x57ba9ab_1000,RANDOM,1000,1,3,2.141,2141,FALSE,5.78E+13,17,5.78E+13,3,20,6.449,9.00E+08,6.83E+11,1.62E+11,0.002796419,472,0,194,472,0,1669,8.36E+12,0.144731831,0
random_cf1_1943fa88_50000,RANDOM,50000,1,1,1,50000,FALSE,2.19E+13,13,2.19E+13,3,22,6.47194,160000,5.72E+09,7.47E+08,3.41E-05,15805,0,15805,15805,0,34195,4.38E+12,0.200168557,0
random_cf3_x4b49fe2_10000,RANDOM,10000,1,515,100.4949,1004949,FALSE,8.75E+13,18,8.75E+13,3,20,6.1291,1500000,7.80E+10,1.56E+10,1.79E-04,196731,0,1525,196731,0,808218,2.02E+13,0.230410157,0
random_cf3_6b0e5702_50000,RANDOM,50000,1,727,100.49354,5024677,FALSE,1.19E+13,7,1.19E+13,3,22,5.11792,1085000,5.98E+09,7.84E+08,6.61E-05,525944,0,5666,525944,0,4498733,2.81E+12,0.237138454,0
random_rcf2_x4022b68_500,RANDOM,500,3,1275,210.306,105153,FALSE,2.11E+13,18,2.11E+13,3,17,6.044,6.00E+08,5.59E+11,1.03E+11,0.004862897,15553,0,85,15553,0,89600,5.27E+12,0.249776503,0
satris16074,SATRIS,16074,1338268,19020232,6718296.958,1.08E+11,TRUE,5.40E+12,4,5.40E+12,4,12,8.857782755,1.79E+08,9.82E+08,5.04E+08,9.33E-05,10456702316,0,911,10456702316,0,97533202979,5.65E+11,0.104628249,0
satris3754,SATRIS,3754,1502945,17542614,6723838.21,25241288641,TRUE,7.58E+13,4,7.58E+13,4,12,8.860948322,1.93E+10,9.57E+10,5.05E+10,6.66E-04,1698927217,0,149,1698927217,0,23542361424,9.06E+12,0.119391581,0
satris16183,SATRIS,16183,1411560,19113416,6688769.09,1.08E+11,TRUE,7.41E+12,4,7.41E+12,4,12,8.860038312,1.84E+08,9.87E+08,5.04E+08,6.80E-05,14983924714,0,1321,14983924714,0,93260425464,8.20E+11,0.110621004,0
satris1685,SATRIS,1685,1500261,16498141,6755472.797,11382971663,TRUE,4.25E+13,4,4.25E+13,4,12,8.847477745,1.91E+10,9.33E+10,5.05E+10,0.001186941,1037209616,0,93,1037209616,0,10345762047,5.57E+12,0.131004853,0
satris3794,SATRIS,3794,1431896,19079891,6703290.033,25432282384,TRUE,1.09E+14,4,1.09E+14,4,12,8.854507116,1.96E+10,9.79E+10,5.05E+10,4.61E-04,2188388901,0,183,2188388901,0,23243893483,1.16E+13,0.105910535,0
satris37349,SATRIS,37349,1333885,18639828,6701365.405,2.50E+11,TRUE,6.28E+12,4,6.28E+12,4,12,8.846983855,1.79E+08,1.01E+09,5.05E+08,8.03E-05,10297937437,0,808,10297937437,0,2.40E+11,5.29E+11,0.084212043,0
satris15666,SATRIS,15666,1476068,18107317,6717230.592,1.05E+11,TRUE,3.17E+12,4,3.17E+12,4,12,8.856121537,1.88E+08,9.92E+08,5.05E+08,1.60E-04,5950844067,0,477,5950844067,0,99281290393,3.11E+11,0.09811795,0
satris1786,SATRIS,1786,1497537,17008071,6905370.396,12332991528,TRUE,3.66E+13,4,3.66E+13,4,12,9.0537514,2.11E+10,9.31E+10,5.12E+10,0.00139977,1053528133,0,98,1053528133,0,11279463395,5.73E+12,0.15667423,0
satris7039,SATRIS,7039,1516538,17515533,6755515.043,47552070390,TRUE,3.25E+12,4,3.25E+12,4,12,8.910356585,1.82E+08,9.73E+08,5.08E+08,1.56E-04,7432268320,0,666,7432268320,0,40119802070,4.10E+11,0.126240366,0
satris1811,SATRIS,1811,1436047,17543314,6724767.19,12178553381,TRUE,8.33E+13,4,8.33E+13,4,12,8.869133076,1.98E+10,9.39E+10,5.06E+10,6.07E-04,1995613934,0,181,1995613934,0,10182939447,1.11E+13,0.133062322,0
satris13382,SATRIS,13382,1376544,18707320,6696036.801,89606364466,TRUE,6.13E+12,4,6.13E+12,4,12,8.848602601,1.83E+08,1.01E+09,5.04E+08,8.22E-05,11914761213,0,1046,11914761213,0,77691603253,6.50E+11,0.106072314,0
satris3576,SATRIS,3576,1515564,17675143,6750238.308,24138852190,TRUE,1.64E+14,4,1.64E+14,4,12,8.855704698,2.06E+10,9.69E+10,5.05E+10,3.08E-04,3399779464,0,313,3399779464,0,20739072726,1.90E+13,0.115404426,0
satris2205,SATRIS,2205,1379804,17854853,6743332.043,14869047155,TRUE,8.91E+13,4,8.91E+13,4,12,8.888888889,1.84E+10,9.55E+10,5.05E+10,5.67E-04,2350196029,0,227,2350196029,0,12518851126,1.31E+13,0.147590663,0
satris2885,SATRIS,2885,1580599,17593381,6713700.009,19369024525,TRUE,1.17E+14,4,1.17E+14,4,12,8.886655113,2.02E+10,9.58E+10,5.05E+10,4.33E-04,2387037986,0,207,2387037986,0,16981986539,1.29E+13,0.110553336,0
satris24015,SATRIS,24015,1402869,18363907,6675653.8,1.60E+11,TRUE,6.89E+12,4,6.89E+12,4,12,8.823068915,1.78E+08,1.01E+09,5.02E+08,7.29E-05,13454474581,0,1133,13454474581,0,1.47E+11,7.12E+11,0.103399392,0
satris38870,SATRIS,38870,1434996,18907380,6704276.613,2.61E+11,TRUE,1.57E+13,4,1.57E+13,4,12,8.844404425,1.83E+08,9.95E+08,5.04E+08,3.22E-05,30315823337,0,2589,30315823337,0,2.30E+11,1.63E+12,0.10430021,0
satris3582,SATRIS,3582,1417436,17396667,6742151.555,24150386869,TRUE,1.21E+14,4,1.21E+14,4,12,8.892238973,2.04E+10,9.87E+10,5.06E+10,4.19E-04,2500371658,0,214,2500371658,0,21650015211,1.33E+13,0.110352984,0
satris7107,SATRIS,7107,1560343,18622489,6701520.251,47627704425,TRUE,1.19E+12,4,1.19E+12,4,12,8.853806107,1.91E+08,9.54E+08,5.04E+08,4.22E-04,2704768478,0,244,2704768478,0,44922935947,1.44E+11,0.120736992,0
satris1959,SATRIS,1959,1638914,17040710,6799671.714,13320556888,TRUE,3.33E+13,4,3.33E+13,4,12,8.948443083,1.86E+10,1.04E+11,5.10E+10,0.001531393,823081391,0,72,823081391,0,12497475497,4.35E+12,0.13076547,0
satris4555,SATRIS,4555,1385155,17872880,6708917.581,30559119583,TRUE,9.19E+13,4,9.19E+13,4,12,8.869813392,1.82E+10,9.41E+10,5.04E+10,5.49E-04,2027691263,0,164,2027691263,0,28531428320,1.06E+13,0.115476914,0
satris16903,SATRIS,16903,1344492,19579126,6666300.351,1.13E+11,TRUE,4.24E+12,4,4.24E+12,4,12,8.811098622,1.83E+08,9.97E+08,5.02E+08,1.18E-04,7831200767,0,645,7831200767,0,1.05E+11,4.10E+11,0.096715634,0
satris4681,SATRIS,4681,1512362,17246532,6711686.957,31417406645,TRUE,1.89E+14,4,1.89E+14,4,12,8.865199744,2.01E+10,9.73E+10,5.04E+10,2.67E-04,4077093224,0,353,4077093224,0,27340313421,2.21E+13,0.117314092,0
satris7684,SATRIS,7684,1575200,18079176,6725306.731,51677256918,TRUE,2.59E+12,4,2.59E+12,4,12,8.865434669,1.82E+08,9.92E+08,5.05E+08,1.95E-04,5832788767,0,512,5832788767,0,45844468151,3.14E+11,0.121479809,0
satris3079,SATRIS,3079,1485107,17502409,6661165.005,20509727049,TRUE,7.73E+13,4,7.73E+13,4,12,8.76063657,2.05E+10,9.89E+10,5.02E+10,6.50E-04,1823306765,0,156,1823306765,0,18686420284,9.70E+12,0.12539463,0
satris14660,SATRIS,14660,1410904,18884569,6729539.349,98655046851,TRUE,2.96E+12,4,2.96E+12,4,12,8.85361528,1.74E+08,1.01E+09,5.05E+08,1.71E-04,5512647128,0,444,5512647128,0,93142399723,2.85E+11,0.0963896,0
satris6466,SATRIS,6466,1505587,17946335,6690576.01,43261264480,TRUE,1.62E+12,4,1.62E+12,4,12,8.873492113,1.88E+08,9.94E+08,5.02E+08,3.09E-04,3813246864,0,333,3813246864,0,39448017616,2.04E+11,0.125773203,0
satris48291,SATRIS,48291,1352299,19066309,6702795.447,3.24E+11,TRUE,1.62E+13,4,1.62E+13,4,12,8.866124123,1.75E+08,1.01E+09,5.03E+08,3.11E-05,29882342064,0,2488,29882342064,0,2.94E+11,1.59E+12,0.098050728,0
satris21978,SATRIS,21978,1493399,19495898,6709796.187,1.47E+11,TRUE,4.44E+12,4,4.44E+12,4,12,8.862043862,1.82E+08,9.97E+08,5.04E+08,1.14E-04,8578320486,0,691,8578320486,0,1.39E+11,4.46E+11,0.100598836,0
satris9986,SATRIS,9986,1479520,18304973,6717831.187,67084262233,TRUE,2.01E+12,4,2.01E+12,4,12,8.842779892,1.77E+08,9.72E+08,5.04E+08,2.50E-04,3535134978,0,286,3535134978,0,63549127255,1.83E+11,0.090860605,0
satris3041,SATRIS,3041,1475238,17519366,6669543.422,20282081546,TRUE,1.01E+14,4,1.01E+14,4,12,8.83590924,1.81E+10,9.60E+10,5.01E+10,4.93E-04,2115655782,0,180,2115655782,0,18166425764,1.13E+13,0.111330725,0
satris8180,SATRIS,8180,1491286,17748696,6716072.44,54937472559,TRUE,1.65E+12,4,1.65E+12,4,12,8.850122249,1.83E+08,9.81E+08,5.04E+08,3.06E-04,3234842893,0,266,3234842893,0,51702629666,1.69E+11,0.102602156,0
