,instance,type,num items,min i. value,max i. value,avg i. value,sum i. value,c. is rect,num grid points,num sides c.,area c.,min i. sides,max i. sides,avg i. sides,min i. area,max i. area,avg i. area,avg i-c area ratio,lower bound,upper bound,lb algorithm
0,atris19260,ATRIS,19260,1423251,15169876,6079509.725,117091000000.0,True,7753670000000.0,4,7750000000000.0,4,12,8.871858775,176000000.0,983000000.0,503000000.0,6.49e-05,55267576592.0,100389597494,DECREASING_HEIGHT
1,atris3323,ATRIS,3323,1428143,14423410,6120624.122,20338833957.0,True,67343300000000.0,4,67300000000000.0,4,12,8.888353897,17400000000.0,95200000000.0,50700000000.0,0.000752,4496297639.0,9632195102,DECREASING_HEIGHT
2,atris20367,ATRIS,20367,1337855,14841043,6083488.531,123902000000.0,True,5864580000000.0,4,5860000000000.0,4,12,8.855697943,182000000.0,988000000.0,504000000.0,8.59e-05,41604066122.0,80254027220,DECREASING_HEIGHT
3,atris1240,ATRIS,1240,1600718,13299531,6072933.868,7530437996.0,True,31178000000000.0,4,31200000000000.0,4,12,8.820967742,20500000000.0,92800000000.0,50300000000.0,0.0016129,2103724929.0,4354648185,DECREASING_HEIGHT
4,atris3934,ATRIS,3934,1368658,15071250,6090922.179,23961687853.0,True,159008000000000.0,4,159000000000000.0,4,12,8.827656329,18100000000.0,95800000000.0,50500000000.0,0.000318,11155886993.0,20575400484,DECREASING_HEIGHT
5,atris49462,ATRIS,49462,1414062,15559017,6089977.524,301222000000.0,True,16623700000000.0,4,16600000000000.0,4,12,8.86098419,181000000.0,1040000000.0,504000000.0,3.03e-05,118581000000.0,222506017055,DECREASING_HEIGHT
6,atris18921,ATRIS,18921,1365323,15233176,6079555.954,115031000000.0,True,5444300000000.0,4,5440000000000.0,4,12,8.832936948,183000000.0,989000000.0,504000000.0,9.25e-05,38575750431.0,74589887911,DECREASING_HEIGHT
7,atris1266,ATRIS,1266,1481555,14933587,6024001.288,7626385630.0,True,50549500000000.0,4,50500000000000.0,4,12,8.793048973,19800000000.0,96100000000.0,49900000000.0,0.000987,3507668606.0,6552106211,DECREASING_HEIGHT
8,atris7260,ATRIS,7260,1406509,14545192,6132396.471,44521198380.0,True,2943430000000.0,4,2940000000000.0,4,12,8.881818182,190000000.0,964000000.0,507000000.0,0.000172,20821070344.0,38140918490,DECREASING_HEIGHT
9,atris1660,ATRIS,1660,1516150,14262710,6194020.723,10282074401.0,True,42447500000000.0,4,42400000000000.0,4,12,8.951807229,21400000000.0,91600000000.0,51100000000.0,0.001204819,2922581646.0,5924280536,DECREASING_HEIGHT
10,atris13846,ATRIS,13846,1407615,14946613,6083387.158,84230578583.0,True,5582450000000.0,4,5580000000000.0,4,12,8.848909432,179000000.0,977000000.0,504000000.0,9.03e-05,39662449131.0,72236262521,DECREASING_HEIGHT
11,atris2986,ATRIS,2986,1372104,14475894,6027384.845,17997771148.0,True,136413000000000.0,4,136000000000000.0,4,12,8.823174816,18900000000.0,95500000000.0,50300000000.0,0.000368,9537849611.0,16957598041,DECREASING_HEIGHT
12,atris1797,ATRIS,1797,1558192,13854310,6154763.789,11060110529.0,True,73091500000000.0,4,73100000000000.0,4,12,8.938230384,19700000000.0,97500000000.0,50800000000.0,0.000696,5084078558.0,9473120947,DECREASING_HEIGHT
13,atris2090,ATRIS,2090,1409637,15010417,6173741.113,12903118927.0,True,96892500000000.0,4,96900000000000.0,4,12,8.98277512,19500000000.0,94900000000.0,51000000000.0,0.000526,6714271823.0,12148011734,DECREASING_HEIGHT
14,atris49252,ATRIS,49252,1356193,15752462,6083004.206,299600000000.0,True,19882700000000.0,4,19900000000000.0,4,12,8.846544303,182000000.0,998000000.0,505000000.0,2.54e-05,140917000000.0,256888279395,DECREASING_HEIGHT
15,atris3249,ATRIS,3249,1455800,14017901,6125497.531,19901741479.0,True,82216500000000.0,4,82200000000000.0,4,12,8.915974146,19900000000.0,94800000000.0,50600000000.0,0.000616,5627406093.0,11478703451,DECREASING_HEIGHT
16,atris10619,ATRIS,10619,1358290,14982828,6122851.621,65018561360.0,True,2687580000000.0,4,2690000000000.0,4,12,8.925510877,189000000.0,1030000000.0,506000000.0,0.000188,18730526760.0,37506990975,DECREASING_HEIGHT
17,atris1672,ATRIS,1672,1550890,13571260,6063078.929,10137467969.0,True,28057500000000.0,4,28100000000000.0,4,12,8.812200957,19700000000.0,92700000000.0,50300000000.0,0.001794266,1785662419.0,4080272915,DECREASING_HEIGHT
18,atris4630,ATRIS,4630,1441448,14930390,6099571.711,28241017023.0,True,133688000000000.0,4,134000000000000.0,4,12,8.863930886,19600000000.0,96200000000.0,50500000000.0,0.000378,9394542803.0,18290848841,DECREASING_HEIGHT
19,atris39445,ATRIS,39445,1379199,15944776,6083954.352,239982000000.0,True,7952660000000.0,4,7950000000000.0,4,12,8.875801749,175000000.0,1000000000.0,504000000.0,6.34e-05,54739911364.0,113767486001,DECREASING_HEIGHT
20,atris5288,ATRIS,5288,1458810,14422019,6103521.362,32275420964.0,True,1527400000000.0,4,1530000000000.0,4,12,8.857034796,182000000.0,961000000.0,505000000.0,0.000331,10735419716.0,20940468556,DECREASING_HEIGHT
21,atris10681,ATRIS,10681,1372699,15437026,6123548.411,65405620574.0,True,3602840000000.0,4,3600000000000.0,4,12,8.871266735,172000000.0,965000000.0,506000000.0,0.00014,25536958707.0,48336313484,DECREASING_HEIGHT
22,atris2890,ATRIS,2890,1445459,14263176,6107580.628,17650908015.0,True,72914300000000.0,4,72900000000000.0,4,12,8.903806228,17900000000.0,97100000000.0,50500000000.0,0.000692,5034132945.0,10181517007,DECREASING_HEIGHT
23,atris15979,ATRIS,15979,1366945,15049268,6098640.707,97450179857.0,True,3231800000000.0,4,3230000000000.0,4,12,8.848864134,175000000.0,991000000.0,506000000.0,0.000156,22028774219.0,46214048684,DECREASING_HEIGHT
24,atris6238,ATRIS,6238,1414991,14342158,6124367.734,38203805926.0,True,1055050000000.0,4,1060000000000.0,4,12,8.853158063,185000000.0,984000000.0,507000000.0,0.000481,7060773937.0,15346316050,DECREASING_HEIGHT
25,atris41643,ATRIS,41643,1371988,15131866,6119066.597,254816000000.0,True,10531800000000.0,4,10500000000000.0,4,12,8.88816848,169000000.0,1000000000.0,506000000.0,4.8e-05,74507201861.0,147142442863,DECREASING_HEIGHT
26,atris11997,ATRIS,11997,1452454,14805843,6081405.566,72958622576.0,True,2418140000000.0,4,2420000000000.0,4,12,8.883554222,185000000.0,979000000.0,504000000.0,0.000208,16383378131.0,34555804933,DECREASING_HEIGHT
27,atris2812,ATRIS,2812,1543709,13789644,6113940.475,17192400617.0,True,94402500000000.0,4,94400000000000.0,4,12,8.861308677,18800000000.0,98100000000.0,50400000000.0,0.000533,6650117762.0,12678503989,DECREASING_HEIGHT
28,atris11358,ATRIS,11358,1394952,15143636,6110451.572,69402508958.0,True,3283650000000.0,4,3280000000000.0,4,12,8.889064976,176000000.0,1000000000.0,506000000.0,0.000154,23103296789.0,44977735571,DECREASING_HEIGHT
29,jigsaw_cf2_x1e8d2b3_39,JIGSAW,39,14,408,100.4615385,3918.0,False,1.57286e+16,19,1.57e+16,3,10,4.897435897,127000000000000.0,3920000000000000.0,962000000000000.0,0.061169535,307.0,1650,DECREASING_RATIO
30,jigsaw_rcf4_37b8d52e_1338,JIGSAW,1338,11,1494,196.5866966,263033.0,False,2.19831e+16,15,2.2e+16,3,20,4.761584454,2110000000000.0,74500000000000.0,22700000000000.0,0.001033016,33888.0,227015,DECREASING_VALUE
31,jigsaw_cf2_x38b54e9_31,JIGSAW,31,6,433,100.4516129,3114.0,False,1.57466e+16,15,1.57e+16,3,10,4.516129032,58800000000000.0,4480000000000000.0,1040000000000000.0,0.065729668,426.0,1533,INCREASING_WIDTH
32,jigsaw_cf1_1ae14c9d_1379,JIGSAW,1379,1,1,1.0,1379.0,False,2.552e+16,11,2.55e+16,3,20,4.707759246,27800000000.0,1500000000000000.0,75800000000000.0,0.002968483,323.0,1173,DECREASING_RATIO
33,jigsaw_rcf1_6d3a7c3b_1325,JIGSAW,1325,1,3,1.995471698,2644.0,False,1.62346e+16,13,1.62e+16,3,19,4.773584906,145000000000.0,124000000000000.0,17000000000000.0,0.00104932,812.0,2541,INCREASING_WIDTH
34,jigsaw_cf2_ebad6b02_335,JIGSAW,335,3,995,100.5074627,33670.0,False,2.37003e+16,13,2.37e+16,3,18,4.749253731,2960000000000.0,1140000000000000.0,115000000000000.0,0.004841687,4941.0,20816,INCREASING_RATIO
35,jigsaw_rcf1_x251b042_3318,JIGSAW,3318,1,3,1.999095841,6633.0,False,2.12514e+16,11,2.13e+16,3,20,4.76702833,17100000000.0,125000000000000.0,14300000000000.0,0.000675,1290.0,5855,DECREASING_RATIO
36,jigsaw_rcf3_5a515084_1325,JIGSAW,1325,1,4089,201.1358491,266505.0,False,1.58351e+16,19,1.58e+16,3,19,4.788679245,36300000000.0,452000000000000.0,24300000000000.0,0.001537057,39502.0,180975,DECREASING_RATIO
37,jigsaw_cf4_x412b2f8_32731,JIGSAW,32731,1,3786,100.5042315,3289604.0,False,1.74977e+16,12,1.75e+16,3,20,4.834713269,664000000.0,20600000000000.0,1020000000000.0,5.81e-05,534159.0,1830101,DECREASING_HEIGHT
38,jigsaw_rcf2_534443c6_61,JIGSAW,61,6,2062,195.1639344,11905.0,False,2.01934e+16,11,2.02e+16,3,12,4.786885246,22400000000000.0,5160000000000000.0,501000000000000.0,0.024823915,1126.0,9767,DECREASING_RATIO
39,jigsaw_cf2_x338dc47_32816,JIGSAW,32816,1,763,100.4992686,3297984.0,False,1.54404e+16,16,1.54e+16,3,20,4.820301073,195000000.0,5820000000000.0,764000000000.0,4.94e-05,537671.0,2037854,DECREASING_HEIGHT
40,jigsaw_cf1_26916b6b_6598,JIGSAW,6598,1,1,1.0,6598.0,False,1.46628e+16,15,1.47e+16,3,20,4.820703243,32600000000.0,94100000000000.0,4940000000000.0,0.000337,2584.0,5994,DECREASING_RATIO
41,jigsaw_rcf1_x200a98a_3349,JIGSAW,3349,1,3,1.995222454,6682.0,False,3.01398e+16,11,3.01e+16,3,20,4.776052553,1970000000000.0,44400000000000.0,13500000000000.0,0.000448,1491.0,5884,INCREASING_WIDTH
42,jigsaw_rcf2_31a965a0_29,JIGSAW,29,3,896,190.862069,5535.0,False,1.81651e+16,17,1.82e+16,3,10,4.896551724,22100000000000.0,4660000000000000.0,1040000000000000.0,0.057313389,707.0,4135,INCREASING_WIDTH
43,jigsaw_cf2_x53e7313_32896,JIGSAW,32896,1,865,100.4982369,3305990.0,False,1.44023e+16,19,1.44e+16,3,20,4.807392996,3500000000.0,8000000000000.0,926000000000.0,6.43e-05,452352.0,1571019,DECREASING_HEIGHT
44,jigsaw_cf1_4fd4c46e_6548,JIGSAW,6548,1,1,1.0,6548.0,False,1.44263e+16,17,1.44e+16,3,20,4.76038485,33400000000.0,56100000000000.0,6530000000000.0,0.000453,1226.0,5394,DECREASING_RATIO
45,jigsaw_cf2_5db5d75a_34,JIGSAW,34,26,246,100.4411765,3415.0,False,2.3291e+16,12,2.33e+16,3,10,4.470588235,382000000000000.0,3640000000000000.0,1480000000000000.0,0.063591132,298.0,1584,DECREASING_RATIO
46,jigsaw_rcf2_x401106d_683,JIGSAW,683,7,924,202.3352855,138195.0,False,1.79846e+16,14,1.8e+16,3,20,4.63250366,3930000000000.0,222000000000000.0,71600000000000.0,0.003983004,14101.0,73797,DECREASING_VALUE
47,jigsaw_rcf3_x699083b_71,JIGSAW,71,5,2016,199.3943662,14157.0,False,1.75919e+16,15,1.76e+16,3,17,4.577464789,21500000000000.0,4270000000000000.0,631000000000000.0,0.035886356,802.0,8231,INCREASING_WIDTH
48,jigsaw_cf1_7b534d0f_30,JIGSAW,30,1,1,1.0,30.0,False,2.1213e+16,11,2.12e+16,3,15,5.033333333,455000000000000.0,4100000000000000.0,1270000000000000.0,0.059948379,3.0,22,DECREASING_RATIO
49,jigsaw_rcf4_45bf920f_31,JIGSAW,31,32,717,227.8064516,7062.0,False,1.42464e+16,19,1.42e+16,3,10,4.612903226,354000000000000.0,3440000000000000.0,1410000000000000.0,0.098942313,303.0,3183,DECREASING_WIDTH
50,jigsaw_rcf4_x6f71c05_3333,JIGSAW,3333,2,3252,198.2976298,660926.0,False,2.44671e+16,18,2.45e+16,3,20,4.825082508,313000000000.0,163000000000000.0,19200000000000.0,0.000785,72642.0,370111,DECREASING_VALUE
51,jigsaw_rcf4_944ca2fb_34,JIGSAW,34,43,888,215.3529412,7322.0,False,1.51859e+16,18,1.52e+16,3,10,4.794117647,238000000000000.0,2090000000000000.0,694000000000000.0,0.045721212,848.0,5777,DECREASING_RATIO
52,jigsaw_rcf1_x3d166d9_70,JIGSAW,70,1,3,2.142857143,150.0,False,1.61773e+16,18,1.62e+16,3,15,4.885714286,7740000000000.0,2520000000000000.0,384000000000000.0,0.023716761,46.0,141,DECREASING_RATIO
53,jigsaw_cf4_x632ed77_3287,JIGSAW,3287,1,1743,100.4934591,330322.0,False,1.68177e+16,15,1.68e+16,3,20,4.766352297,61300000000.0,232000000000000.0,14200000000000.0,0.000846,30497.0,133043,DECREASING_HEIGHT
54,jigsaw_rcf1_x73eed8f_663,JIGSAW,663,1,3,1.960784314,1300.0,False,1.57101e+16,14,1.57e+16,3,18,4.671191554,3990000000000.0,388000000000000.0,58000000000000.0,0.00368953,388.0,1130,INCREASING_WIDTH
55,jigsaw_rcf1_7d46e9d4_6582,JIGSAW,6582,1,3,1.997569128,13148.0,False,1.69456e+16,15,1.69e+16,3,20,4.798693406,19100000000.0,162000000000000.0,7270000000000.0,0.000429,4833.0,11895,DECREASING_RATIO
56,jigsaw_rcf1_3335bb71_327,JIGSAW,327,1,3,2.003058104,655.0,False,2.05851e+16,13,2.06e+16,3,16,4.669724771,2200000000000.0,3710000000000000.0,179000000000000.0,0.008714912,257.0,600,DECREASING_RATIO
57,jigsaw_cf3_x21b52c8_130,JIGSAW,130,6,552,100.4846154,13063.0,False,2.00907e+16,17,2.01e+16,3,13,4.615384615,14500000000000.0,523000000000000.0,163000000000000.0,0.008110518,2249.0,12645,DECREASING_VALUE
58,jigsaw_cf2_xe148943_75,JIGSAW,75,2,626,100.44,7533.0,False,1.31789e+16,20,1.32e+16,3,11,4.36,7510000000000.0,2580000000000000.0,412000000000000.0,0.031299875,430.0,3225,DECREASING_VALUE
59,jigsaw_rcf2_4646c11e_33039,JIGSAW,33039,1,2385,200.6906383,6630618.0,False,1.92268e+16,11,1.92e+16,3,20,4.82193771,5470000000.0,14600000000000.0,1830000000000.0,9.54e-05,646860.0,3160897,DECREASING_VALUE
60,jigsaw_rcf4_x11655bb_6573,JIGSAW,6573,1,7818,202.810893,1333076.0,False,1.27107e+16,20,1.27e+16,3,20,4.785029667,20600000000.0,75200000000000.0,3600000000000.0,0.000283,181494.0,939451,DECREASING_HEIGHT
61,jigsaw_cf1_504b1421_159,JIGSAW,159,1,1,1.0,159.0,False,2.03386e+16,12,2.03e+16,3,15,4.377358491,2260000000000.0,1800000000000000.0,236000000000000.0,0.011603753,42.0,141,INCREASING_WIDTH
62,jigsaw_rcf1_x25cf0d3_6582,JIGSAW,6582,1,3,2.004709815,13195.0,False,2.02894e+16,15,2.03e+16,3,20,4.829079307,1270000000.0,142000000000000.0,6230000000000.0,0.000307,5245.0,12476,DECREASING_RATIO
63,jigsaw_cf1_x151a4e0_343,JIGSAW,343,1,1,1.0,343.0,False,2.38074e+16,11,2.38e+16,3,16,4.623906706,11800000000000.0,265000000000000.0,93800000000000.0,0.0039394,85.0,304,INCREASING_WIDTH
64,jigsaw_cf4_273db689_28,JIGSAW,28,27,227,100.4642857,2813.0,False,2.01424e+16,15,2.01e+16,3,12,4.428571429,355000000000000.0,3080000000000000.0,1360000000000000.0,0.067333901,231.0,1500,INCREASING_WIDTH
65,jigsaw_rcf3_27e14196_6595,JIGSAW,6595,1,3834,200.5470811,1322608.0,False,1.93974e+16,16,1.94e+16,3,20,4.79787718,52100000000.0,71300000000000.0,10100000000000.0,0.000523,135837.0,624380,DECREASING_VALUE
66,jigsaw_cf4_x252babb_6578,JIGSAW,6578,1,3318,100.499848,661088.0,False,2.37557e+16,12,2.38e+16,3,20,4.781848586,13100000000.0,212000000000000.0,11100000000000.0,0.000468,45803.0,241642,INCREASING_RATIO
67,jigsaw_cf3_xcd14250_28,JIGSAW,28,6,379,100.3571429,2810.0,False,1.48821e+16,15,1.49e+16,3,11,5.178571429,57100000000000.0,4370000000000000.0,1060000000000000.0,0.07090952,232.0,1535,INCREASING_WIDTH
68,jigsaw_rcf4_6de1b3b7_1363,JIGSAW,1363,3,2268,198.651504,270762.0,False,1.4172e+16,13,1.42e+16,3,20,4.729273661,565000000000.0,172000000000000.0,21800000000000.0,0.001539768,34572.0,176233,DECREASING_VALUE
69,jigsaw_rcf4_x296c58c_70,JIGSAW,70,4,2532,229.7857143,16085.0,False,1.91805e+16,15,1.92e+16,3,14,4.257142857,11500000000000.0,3900000000000000.0,377000000000000.0,0.019673546,1993.0,13414,DECREASING_RATIO
70,jigsaw_cf2_xf42cb20_670,JIGSAW,670,8,713,100.4940299,67331.0,False,1.74401e+16,20,1.74e+16,3,20,4.713432836,5930000000000.0,565000000000000.0,79400000000000.0,0.004552694,5021.0,22234,INCREASING_RATIO
71,jigsaw_rcf1_2197ecdd_6585,JIGSAW,6585,1,3,1.991040243,13111.0,False,1.58978e+16,11,1.59e+16,3,20,4.785573273,27100000000.0,62300000000000.0,7050000000000.0,0.000443,2785.0,11118,DECREASING_RATIO
72,jigsaw_rcf3_x438c9fe_328,JIGSAW,328,2,4929,193.8993902,63599.0,False,1.35553e+16,14,1.36e+16,3,20,4.853658537,998000000000.0,689000000000000.0,49600000000000.0,0.003661865,13662.0,59679,DECREASING_RATIO
73,jigsaw_rcf1_x7c5577e_36,JIGSAW,36,1,3,2.111111111,76.0,False,1.6647e+16,16,1.66e+16,3,10,4.416666667,157000000000000.0,1250000000000000.0,473000000000000.0,0.028419034,19.0,75,INCREASING_WIDTH
74,jigsaw_rcf2_x79af493_139,JIGSAW,139,5,2816,183.7553957,25542.0,False,1.94067e+16,19,1.94e+16,3,19,4.741007194,6380000000000.0,2750000000000000.0,195000000000000.0,0.010068689,2641.0,21565,DECREASING_HEIGHT
75,jigsaw_cf1_4a53ec61_3293,JIGSAW,3293,1,1,1.0,3293.0,False,1.51281e+16,17,1.51e+16,3,20,4.714849681,12400000000.0,333000000000000.0,16300000000000.0,0.001080161,1033.0,2857,DECREASING_RATIO
76,jigsaw_rcf4_xb9f4bdd_33015,JIGSAW,33015,1,6033,200.8218991,6630135.0,False,2.63823e+16,12,2.64e+16,3,20,4.832379222,1220000000.0,15400000000000.0,1640000000000.0,6.22e-05,975114.0,4402287,DECREASING_VALUE
77,jigsaw_cf1_203072aa_32622,JIGSAW,32622,1,1,1.0,32622.0,False,2.08763e+16,16,2.09e+16,3,20,4.838268653,1730000000.0,8920000000000.0,1270000000000.0,6.07e-05,9404.0,28613,DECREASING_RATIO
78,jigsaw_rcf3_x1142c4a_3315,JIGSAW,3315,3,3428,202.3432881,670768.0,False,1.73325e+16,11,1.73e+16,3,20,4.767722474,371000000000.0,130000000000000.0,18100000000000.0,0.001046801,63535.0,308712,DECREASING_VALUE
79,jigsaw_rcf4_7702a097_70,JIGSAW,70,34,909,200.2714286,14019.0,False,1.96165e+16,16,1.96e+16,3,17,4.557142857,217000000000000.0,2130000000000000.0,649000000000000.0,0.033072686,1455.0,8203,DECREASING_RATIO
80,jigsaw_rcf3_x1944562_3300,JIGSAW,3300,2,2037,202.8184848,669301.0,False,2.29229e+16,14,2.29e+16,3,20,4.765757576,43200000000.0,32900000000000.0,9470000000000.0,0.000413,118734.0,588707,DECREASING_VALUE
81,jigsaw_cf3_12497ba7_32852,JIGSAW,32852,1,1520,100.4986302,3301581.0,False,2.11246e+16,11,2.11e+16,3,20,4.816632169,652000000.0,10800000000000.0,1340000000000.0,6.35e-05,455702.0,1861857,DECREASING_HEIGHT
82,jigsaw_cf2_x70a1e53_1324,JIGSAW,1324,4,324,100.4939577,133054.0,False,2.00882e+16,17,2.01e+16,3,20,4.773413897,1260000000000.0,103000000000000.0,31700000000000.0,0.001576065,13441.0,63970,DECREASING_VALUE
83,jigsaw_rcf4_5b859f68_336,JIGSAW,336,2,4557,218.0446429,73263.0,False,1.76853e+16,16,1.77e+16,3,19,4.630952381,2230000000000.0,2320000000000000.0,161000000000000.0,0.009129515,3401.0,33509,DECREASING_HEIGHT
84,jigsaw_cf1_x47a0fe7_1363,JIGSAW,1363,1,1,1.0,1363.0,False,1.72392e+16,19,1.72e+16,3,20,4.776962583,2850000000000.0,60200000000000.0,18400000000000.0,0.001065948,342.0,1183,INCREASING_WIDTH
85,jigsaw_rcf1_e4f6ad12_331,JIGSAW,331,1,3,2.051359517,679.0,False,1.83949e+16,20,1.84e+16,3,19,4.637462236,10900000000000.0,1060000000000000.0,164000000000000.0,0.008925571,212.0,549,INCREASING_WIDTH
86,jigsaw_rcf1_576b224d_3288,JIGSAW,3288,1,3,2.01703163,6632.0,False,1.50275e+16,15,1.5e+16,3,20,4.778284672,20200000000.0,169000000000000.0,7820000000000.0,0.000521,3226.0,6410,DECREASING_RATIO
87,jigsaw_cf1_fa228ab6_337,JIGSAW,337,1,1,1.0,337.0,False,1.65462e+16,13,1.65e+16,3,19,4.851632047,3740000000000.0,547000000000000.0,81900000000000.0,0.004946803,93.0,309,DECREASING_RATIO
88,jigsaw_rcf4_x4ee7385_1339,JIGSAW,1339,30,1284,200.1613144,268016.0,False,1.40694e+16,20,1.41e+16,3,20,4.775952203,2930000000000.0,38700000000000.0,12700000000000.0,0.000901,56020.0,245891,DECREASING_VALUE
89,random_cf1_x5c10455_10000,RANDOM,10000,1,1,1.0,10000.0,False,49432100000000.0,19,49400000000000.0,3,21,5.6546,1000000.0,91200000000.0,17200000000.0,0.000348,1981.0,6032,INCREASING_WIDTH
90,random_rcf2_5c2f5d8b_200,RANDOM,200,3,984,205.265,41053.0,False,6472000000000.0,5,6470000000000.0,3,16,4.485,300000000.0,176000000000.0,43700000000.0,0.006749421,11078.0,35845,DECREASING_HEIGHT
91,random_cf1_x6c375be_50000,RANDOM,50000,1,1,1.0,50000.0,False,7523340000000.0,15,7520000000000.0,3,21,4.64158,95000.0,5320000000.0,747000000.0,9.93e-05,7772.0,25770,INCREASING_WIDTH
92,random_rcf4_69d930c3_500,RANDOM,500,2,1383,199.556,99778.0,False,23414100000000.0,17,23400000000000.0,3,19,4.228,450000000.0,469000000000.0,99900000000.0,0.004265947,21491.0,63481,DECREASING_VALUE
93,random_cf3_1c1ba767_50,RANDOM,50,3,253,100.54,5027.0,False,49760000000000.0,19,49800000000000.0,3,7,4.44,50000000000.0,5860000000000.0,1730000000000.0,0.03483119,833.0,3195,INCREASING_WIDTH
94,random_cf1_54081766_500,RANDOM,500,1,1,1.0,500.0,False,17770300000000.0,17,17800000000000.0,3,20,6.14,500000000.0,412000000000.0,99900000000.0,0.00562452,89.0,326,INCREASING_WIDTH
95,random_cf4_50e0d4d9_100,RANDOM,100,8,361,100.54,10054.0,False,2404750000000.0,8,2400000000000.0,3,19,7.5,2550000000.0,113000000000.0,28400000000.0,0.011822851,2021.0,8951,DECREASING_VALUE
96,random_rcf1_70921d4c_50000,RANDOM,50000,1,3,1.98784,99392.0,False,14914600000000.0,12,14900000000000.0,3,22,6.67816,130000.0,5310000000.0,761000000.0,5.1e-05,24920.0,72004,DECREASING_RATIO
97,random_cf2_x55f520f_50000,RANDOM,50000,1,644,100.49496,5024748.0,False,7933140000000.0,6,7930000000000.0,3,22,6.86254,630000.0,4930000000.0,767000000.0,9.67e-05,468376.0,1048811,DECREASING_VALUE
98,random_rcf1_340f4443_500,RANDOM,500,1,3,2.028,1014.0,False,39702000000000.0,11,39700000000000.0,3,20,5.216,3050000000.0,385000000000.0,99000000000.0,0.002493014,349.0,967,DECREASING_VALUE
99,random_cf1_x32f7db7_200,RANDOM,200,1,1,1.0,200.0,False,4223400000000.0,17,4220000000000.0,3,21,5.97,1550000000.0,242000000000.0,54200000000.0,0.012830362,43.0,133,DECREASING_RATIO
100,random_rcf4_7cbb0868_50000,RANDOM,50000,1,2277,199.2999,9964995.0,False,22835200000000.0,9,22800000000000.0,3,21,5.6303,50000.0,5480000000.0,731000000.0,3.2e-05,3269541.0,7945063,DECREASING_VALUE
101,random_cf4_5f36961f_500,RANDOM,500,1,369,100.502,50251.0,False,27870900000000.0,12,27900000000000.0,3,16,5.136,600000000.0,369000000000.0,112000000000.0,0.004033892,10510.0,28309,DECREASING_VALUE
102,random_rcf4_32e6daf1_10000,RANDOM,10000,1,1575,204.3297,2043297.0,False,38463700000000.0,20,38500000000000.0,3,20,4.5829,1500000.0,98300000000.0,15700000000.0,0.000409,319337.0,791056,DECREASING_VALUE
103,random_cf4_x72dca06_50,RANDOM,50,3,314,100.54,5027.0,False,54235000000000.0,13,54200000000000.0,3,14,4.86,50000000000.0,5930000000000.0,2020000000000.0,0.037315387,374.0,2908,INCREASING_WIDTH
104,random_cf1_x6dad719_500,RANDOM,500,1,1,1.0,500.0,False,23001600000000.0,14,23000000000000.0,3,20,6.136,100000000.0,681000000000.0,106000000000.0,0.004613393,97.0,347,INCREASING_WIDTH
105,random_cf1_6de164e1_200,RANDOM,200,1,1,1.0,200.0,False,5428000000000.0,11,5430000000000.0,3,19,4.445,450000000.0,169000000000.0,42200000000.0,0.007777174,51.0,172,INCREASING_WIDTH
106,random_cf1_720892de_5000,RANDOM,5000,1,1,1.0,5000.0,False,33577800000000.0,6,33600000000000.0,3,21,6.1112,21500000.0,56000000000.0,8110000000.0,0.000242,1677.0,4765,DECREASING_RATIO
107,random_rcf1_5005b6d4_100,RANDOM,100,1,3,2.23,223.0,False,1854250000000.0,18,1850000000000.0,3,19,6.57,450000000.0,84400000000.0,24500000000.0,0.013211002,66.0,206,INCREASING_WIDTH
108,random_rcf1_x7dc2687_200,RANDOM,200,1,3,1.955,391.0,False,6522700000000.0,20,6520000000000.0,3,13,4.18,600000000.0,145000000000.0,43000000000.0,0.006594202,123.0,362,DECREASING_RATIO
109,random_cf1_64ac4991_50,RANDOM,50,1,1,1.0,50.0,False,33415000000000.0,20,33400000000000.0,3,7,3.7,80000000000.0,3670000000000.0,1600000000000.0,0.047957504,10.0,32,INCREASING_WIDTH
110,random_rcf2_x4db924e_5000,RANDOM,5000,1,1722,208.4282,1042141.0,False,10424400000000.0,13,10400000000000.0,3,19,5.6534,11000000.0,45800000000.0,7990000000.0,0.000767,159391.0,393768,DECREASING_VALUE
111,random_rcf2_x2871624_50,RANDOM,50,4,630,190.3,9515.0,False,55205000000000.0,9,55200000000000.0,3,12,5.24,35000000000.0,4980000000000.0,2240000000000.0,0.040485463,1522.0,6733,DECREASING_WIDTH
112,random_rcf2_x25afb10_2000,RANDOM,2000,1,1203,201.4495,402899.0,False,4216670000000.0,19,4220000000000.0,3,20,6.3885,1500000.0,17600000000.0,3310000000.0,0.000786,118555.0,319001,DECREASING_VALUE
113,random_cf3_x6a9d8c0_2000,RANDOM,2000,1,453,100.5045,201009.0,False,3255340000000.0,9,3260000000000.0,3,20,6.0825,12000000.0,18100000000.0,3300000000.0,0.001013141,37816.0,117800,DECREASING_HEIGHT
114,random_cf3_1b0922a9_2000,RANDOM,2000,1,523,100.475,200950.0,False,5057270000000.0,14,5060000000000.0,3,21,5.084,2000000.0,24600000000.0,3520000000.0,0.000697,61091.0,158691,DECREASING_HEIGHT
115,random_cf4_2fb3bbda_10000,RANDOM,10000,1,719,100.5041,1005041.0,False,35427700000000.0,12,35400000000000.0,3,20,4.2407,3500000.0,97700000000.0,15100000000.0,0.000425,132684.0,253788,DECREASING_VALUE
116,random_cf3_1ec21f4b_100,RANDOM,100,3,228,100.55,10055.0,False,3157150000000.0,8,3160000000000.0,3,17,7.63,800000000.0,108000000000.0,32800000000.0,0.010389592,2514.0,9815,DECREASING_RATIO
117,random_cf3_512f73fe_500,RANDOM,500,2,432,100.546,50273.0,False,28365300000000.0,20,28400000000000.0,3,21,7.138,1200000000.0,410000000000.0,104000000000.0,0.003666363,8707.0,32152,DECREASING_VALUE
118,random_cf1_x1869fdd_100,RANDOM,100,1,1,1.0,100.0,False,1955000000000.0,18,1960000000000.0,3,18,5.38,1000000000.0,138000000000.0,31900000000.0,0.016305115,26.0,83,DECREASING_RATIO
119,random_cf1_x51ab828_2000,RANDOM,2000,1,1,1.0,2000.0,False,1690760000000.0,6,1690000000000.0,3,20,4.2555,6000000.0,18100000000.0,3510000000.0,0.00207669,361.0,1162,INCREASING_WIDTH
120,random_cf4_x414b785_100,RANDOM,100,7,249,100.48,10048.0,False,1539200000000.0,11,1540000000000.0,3,17,5.7,2050000000.0,84000000000.0,28600000000.0,0.018601221,2159.0,6107,DECREASING_VALUE
121,random_rcf4_6e323d40_100,RANDOM,100,6,744,196.78,19678.0,False,1524100000000.0,18,1520000000000.0,3,19,5.78,650000000.0,83800000000.0,28300000000.0,0.018565383,3069.0,13247,DECREASING_RATIO
122,random_rcf3_x3d52d59_2000,RANDOM,2000,2,1731,207.9935,415987.0,False,1481460000000.0,12,1480000000000.0,3,15,4.4625,4000000.0,22800000000.0,3570000000.0,0.002406432,37968.0,139681,DECREASING_VALUE
123,random_rcf4_x540254f_50,RANDOM,50,5,978,196.9,9845.0,False,63960000000000.0,15,64000000000000.0,3,14,4.8,80000000000.0,4290000000000.0,1550000000000.0,0.024182301,1699.0,9063,DECREASING_VALUE
124,random_cf1_327d5170_10000,RANDOM,10000,1,1,1.0,10000.0,False,83653100000000.0,9,83700000000000.0,3,22,4.6013,7000000.0,84200000000.0,15500000000.0,0.000185,3045.0,8191,DECREASING_RATIO
125,random_cf3_x570e994_10000,RANDOM,10000,1,531,100.4939,1004939.0,False,55023200000000.0,18,55000000000000.0,3,22,6.9877,8000000.0,86400000000.0,15300000000.0,0.000279,139804.0,463667,DECREASING_HEIGHT
126,random_cf1_27383a82_5000,RANDOM,5000,1,1,1.0,5000.0,False,10986500000000.0,10,11000000000000.0,3,20,7.1204,4000000.0,56300000000.0,8570000000.0,0.00078,780.0,2749,INCREASING_WIDTH
127,random_cf2_74ae2d30_50,RANDOM,50,2,249,100.56,5028.0,False,62530000000000.0,15,62500000000000.0,3,19,6.38,35000000000.0,5420000000000.0,2190000000000.0,0.034944826,869.0,2885,DECREASING_VALUE
128,random_rcf1_78877e61_200,RANDOM,200,1,3,2.135,427.0,False,4438050000000.0,13,4440000000000.0,3,17,5.2,300000000.0,150000000000.0,46000000000.0,0.010360519,94.0,328,INCREASING_WIDTH
129,random_cf2_x7e61ca2_5000,RANDOM,5000,1,659,100.4872,502436.0,False,12385900000000.0,9,12400000000000.0,3,18,4.6262,2500000.0,52200000000.0,7930000000.0,0.00064,72271.0,157921,DECREASING_VALUE
130,random_cf2_6d9eb964_10000,RANDOM,10000,1,458,100.4932,1004932.0,False,53886900000000.0,17,53900000000000.0,3,22,5.4621,2000000.0,69200000000.0,15100000000.0,0.00028,172031.0,360221,DECREASING_VALUE
131,random_rcf1_x831dfdb_10000,RANDOM,10000,1,3,1.9543,19543.0,False,43832600000000.0,14,43800000000000.0,3,20,4.1293,4000000.0,127000000000.0,15100000000.0,0.000345,4533.0,12920,DECREASING_RATIO
132,random_rcf3_75bcfc60_10000,RANDOM,10000,1,1200,201.8278,2018278.0,False,48670200000000.0,19,48700000000000.0,3,21,6.6231,12000000.0,78700000000.0,15800000000.0,0.000325,296210.0,989304,DECREASING_RATIO
133,random_cf1_x53b606b_1000,RANDOM,1000,1,1,1.0,1000.0,False,1412800000000.0,8,1410000000000.0,3,18,4.981,3000000.0,11700000000.0,2010000000.0,0.001423323,281.0,900,INCREASING_WIDTH
134,random_cf3_327b5d4c_5000,RANDOM,5000,1,608,100.4844,502422.0,False,15595200000000.0,14,15600000000000.0,3,20,5.2324,9500000.0,59200000000.0,7650000000.0,0.000491,85988.0,251354,DECREASING_HEIGHT
135,random_rcf1_x1c1c14b_500,RANDOM,500,1,3,2.098,1049.0,False,50280700000000.0,16,50300000000000.0,3,17,6.888,550000000.0,554000000000.0,106000000000.0,0.002103849,449.0,1039,DECREASING_RATIO
136,random_cf3_x21f5def_200,RANDOM,200,3,322,100.505,20101.0,False,7420650000000.0,17,7420000000000.0,3,17,6.64,1000000000.0,139000000000.0,46100000000.0,0.006208486,4923.0,17253,DECREASING_VALUE
137,random_rcf1_477eb796_50,RANDOM,50,1,3,1.98,99.0,False,63905000000000.0,9,63900000000000.0,3,17,6.62,185000000000.0,5760000000000.0,1670000000000.0,0.026185744,27.0,93,DECREASING_RATIO
138,random_rcf3_x7651267_1000,RANDOM,1000,1,1278,192.925,192925.0,False,919533000000.0,5,920000000000.0,3,19,5.586,5000000.0,8320000000.0,1810000000.0,0.001973484,43823.0,136063,DECREASING_VALUE
139,random_rcf1_x6e7ed44_5000,RANDOM,5000,1,3,1.984,9920.0,False,34529100000000.0,10,34500000000000.0,3,19,5.4514,2000000.0,43000000000.0,8530000000.0,0.000247,4008.0,9540,DECREASING_VALUE
140,random_rcf2_x58d9352_100,RANDOM,100,2,1089,215.23,21523.0,False,1448750000000.0,11,1450000000000.0,3,22,7.41,100000000.0,110000000000.0,30300000000.0,0.020895255,2979.0,13954,DECREASING_VALUE
141,random_rcf1_x7effebe_1000,RANDOM,1000,1,3,2.071,2071.0,False,82798600000000.0,17,82800000000000.0,3,19,5.699,600000000.0,999000000000.0,191000000000.0,0.002311043,529.0,1608,DECREASING_RATIO
142,random_cf1_x665a736_100,RANDOM,100,1,1,1.0,100.0,False,1239750000000.0,12,1240000000000.0,3,18,6.72,2200000000.0,75600000000.0,23500000000.0,0.018954628,14.0,75,INCREASING_WIDTH
143,random_cf1_x15dff42_50,RANDOM,50,1,1,1.0,50.0,False,56235000000000.0,14,56200000000000.0,3,14,5.28,20000000000.0,4180000000000.0,1630000000000.0,0.028896595,14.0,42,DECREASING_VALUE
144,random_rcf1_x57ba9ab_1000,RANDOM,1000,1,3,2.141,2141.0,False,57765800000000.0,17,57800000000000.0,3,20,6.449,900000000.0,683000000000.0,162000000000.0,0.002796419,472.0,1494,DECREASING_RATIO
145,random_cf1_1943fa88_50000,RANDOM,50000,1,1,1.0,50000.0,False,21878800000000.0,13,21900000000000.0,3,22,6.47194,160000.0,5720000000.0,747000000.0,3.41e-05,15805.0,41566,DECREASING_RATIO
146,random_cf3_x4b49fe2_10000,RANDOM,10000,1,515,100.4949,1004949.0,False,87463300000000.0,18,87500000000000.0,3,20,6.1291,1500000.0,78000000000.0,15600000000.0,0.000179,226615.0,655611,DECREASING_VALUE
147,random_cf3_6b0e5702_50000,RANDOM,50000,1,727,100.49354,5024677.0,False,11864200000000.0,7,11900000000000.0,3,22,5.11792,1085000.0,5980000000.0,784000000.0,6.61e-05,718075.0,1921359,DECREASING_HEIGHT
148,random_rcf2_x4022b68_500,RANDOM,500,3,1275,210.306,105153.0,False,21085300000000.0,18,21100000000000.0,3,17,6.044,600000000.0,559000000000.0,103000000000.0,0.004862897,17282.0,61603,DECREASING_VALUE
149,satris16074,SATRIS,16074,1338268,19020232,6718296.958,107990000000.0,True,5400770000000.0,4,5400000000000.0,4,12,8.857782755,179000000.0,982000000.0,504000000.0,9.33e-05,22055736459.0,80631886146,INCREASING_WIDTH
150,satris3754,SATRIS,3754,1502945,17542614,6723838.21,25241288641.0,True,75845300000000.0,4,75800000000000.0,4,12,8.860948322,19300000000.0,95700000000.0,50500000000.0,0.000666,3503134447.0,12241072736,INCREASING_WIDTH
151,satris16183,SATRIS,16183,1411560,19113416,6688769.09,108244000000.0,True,7409240000000.0,4,7410000000000.0,4,12,8.860038312,184000000.0,987000000.0,504000000.0,6.8e-05,30505038401.0,102172277911,INCREASING_WIDTH
152,satris1685,SATRIS,1685,1500261,16498141,6755472.797,11382971663.0,True,42507500000000.0,4,42500000000000.0,4,12,8.847477745,19100000000.0,93300000000.0,50500000000.0,0.001186941,2002938866.0,6672193408,INCREASING_WIDTH
153,satris3794,SATRIS,3794,1431896,19079891,6703290.033,25432282384.0,True,109442000000000.0,4,109000000000000.0,4,12,8.854507116,19600000000.0,97900000000.0,50500000000.0,0.000461,4713137216.0,16738183689,INCREASING_WIDTH
154,satris37349,SATRIS,37349,1333885,18639828,6701365.405,250289000000.0,True,6282330000000.0,4,6280000000000.0,4,12,8.846983855,179000000.0,1010000000.0,505000000.0,8.03e-05,30319269487.0,103122969679,INCREASING_WIDTH
155,satris15666,SATRIS,15666,1476068,18107317,6717230.592,105232000000.0,True,3167370000000.0,4,3170000000000.0,4,12,8.856121537,188000000.0,992000000.0,505000000.0,0.00016,14654700093.0,50853049874,INCREASING_WIDTH
156,satris1786,SATRIS,1786,1497537,17008071,6905370.396,12332991528.0,True,36604000000000.0,4,36600000000000.0,4,12,9.0537514,21100000000.0,93100000000.0,51200000000.0,0.00139977,1716810393.0,5951257904,INCREASING_WIDTH
157,satris7039,SATRIS,7039,1516538,17515533,6755515.043,47552070390.0,True,3248680000000.0,4,3250000000000.0,4,12,8.910356585,182000000.0,973000000.0,508000000.0,0.000156,13838716467.0,44882731793,INCREASING_WIDTH
158,satris1811,SATRIS,1811,1436047,17543314,6724767.19,12178553381.0,True,83256500000000.0,4,83300000000000.0,4,12,8.869133076,19800000000.0,93900000000.0,50600000000.0,0.000607,3734735566.0,11495849328,INCREASING_WIDTH
159,satris13382,SATRIS,13382,1376544,18707320,6696036.801,89606364466.0,True,6125920000000.0,4,6130000000000.0,4,12,8.848602601,183000000.0,1010000000.0,504000000.0,8.22e-05,25482969035.0,84593640910,INCREASING_WIDTH
160,satris3576,SATRIS,3576,1515564,17675143,6750238.308,24138852190.0,True,164243000000000.0,4,164000000000000.0,4,12,8.855704698,20600000000.0,96900000000.0,50500000000.0,0.000308,7266097983.0,22800400238,INCREASING_WIDTH
161,satris2205,SATRIS,2205,1379804,17854853,6743332.043,14869047155.0,True,89061000000000.0,4,89100000000000.0,4,12,8.888888889,18400000000.0,95500000000.0,50500000000.0,0.000567,3798746804.0,12788623129,INCREASING_WIDTH
162,satris2885,SATRIS,2885,1580599,17593381,6713700.009,19369024525.0,True,116514000000000.0,4,117000000000000.0,4,12,8.886655113,20200000000.0,95800000000.0,50500000000.0,0.000433,5057197113.0,16693903966,INCREASING_WIDTH
163,satris24015,SATRIS,24015,1402869,18363907,6675653.8,160316000000.0,True,6890070000000.0,4,6890000000000.0,4,12,8.823068915,178000000.0,1010000000.0,502000000.0,7.29e-05,29897386077.0,105424501141,INCREASING_WIDTH
164,satris38870,SATRIS,38870,1434996,18907380,6704276.613,260595000000.0,True,15674900000000.0,4,15700000000000.0,4,12,8.844404425,183000000.0,995000000.0,504000000.0,3.22e-05,64463092590.0,224303808475,INCREASING_WIDTH
165,satris3582,SATRIS,3582,1417436,17396667,6742151.555,24150386869.0,True,120829000000000.0,4,121000000000000.0,4,12,8.892238973,20400000000.0,98700000000.0,50600000000.0,0.000419,5312889842.0,17992857204,INCREASING_WIDTH
166,satris7107,SATRIS,7107,1560343,18622489,6701520.251,47627704425.0,True,1194840000000.0,4,1190000000000.0,4,12,8.853806107,191000000.0,954000000.0,504000000.0,0.000422,5780292053.0,19648986844,INCREASING_WIDTH
167,satris1959,SATRIS,1959,1638914,17040710,6799671.714,13320556888.0,True,33280500000000.0,4,33300000000000.0,4,12,8.948443083,18600000000.0,104000000000.0,51000000000.0,0.001531393,1674060172.0,5478877474,INCREASING_WIDTH
168,satris4555,SATRIS,4555,1385155,17872880,6708917.581,30559119583.0,True,91909500000000.0,4,91900000000000.0,4,12,8.869813392,18200000000.0,94100000000.0,50400000000.0,0.000549,4382873126.0,14831307307,INCREASING_WIDTH
169,satris16903,SATRIS,16903,1344492,19579126,6666300.351,112680000000.0,True,4242440000000.0,4,4240000000000.0,4,12,8.811098622,183000000.0,997000000.0,502000000.0,0.000118,18947411465.0,66221342170,INCREASING_WIDTH
170,satris4681,SATRIS,4681,1512362,17246532,6711686.957,31417406645.0,True,188756000000000.0,4,189000000000000.0,4,12,8.865199744,20100000000.0,97300000000.0,50400000000.0,0.000267,8069678094.0,27029463845,INCREASING_WIDTH
171,satris7684,SATRIS,7684,1575200,18079176,6725306.731,51677256918.0,True,2586440000000.0,4,2590000000000.0,4,12,8.865434669,182000000.0,992000000.0,505000000.0,0.000195,10910067228.0,38568850889,INCREASING_WIDTH
172,satris3079,SATRIS,3079,1485107,17502409,6661165.005,20509727049.0,True,77327300000000.0,4,77300000000000.0,4,12,8.76063657,20500000000.0,98900000000.0,50200000000.0,0.00065,3468053857.0,12075509457,INCREASING_WIDTH
173,satris14660,SATRIS,14660,1410904,18884569,6729539.349,98655046851.0,True,2960630000000.0,4,2960000000000.0,4,12,8.85361528,174000000.0,1010000000.0,505000000.0,0.000171,14066004230.0,47837727254,INCREASING_WIDTH
174,satris6466,SATRIS,6466,1505587,17946335,6690576.01,43261264480.0,True,1624330000000.0,4,1620000000000.0,4,12,8.873492113,188000000.0,994000000.0,502000000.0,0.000309,7185848057.0,25331832359,INCREASING_WIDTH
175,satris48291,SATRIS,48291,1352299,19066309,6702795.447,323685000000.0,True,16202200000000.0,4,16200000000000.0,4,12,8.866124123,175000000.0,1010000000.0,503000000.0,3.11e-05,67402757897.0,241438662485,INCREASING_WIDTH
176,satris21978,SATRIS,21978,1493399,19495898,6709796.187,147468000000.0,True,4435140000000.0,4,4440000000000.0,4,12,8.862043862,182000000.0,997000000.0,504000000.0,0.000114,21042041899.0,71468709257,INCREASING_WIDTH
177,satris9986,SATRIS,9986,1479520,18304973,6717831.187,67084262233.0,True,2014960000000.0,4,2010000000000.0,4,12,8.842779892,177000000.0,972000000.0,504000000.0,0.00025,9531966886.0,32503810000,INCREASING_WIDTH
178,satris3041,SATRIS,3041,1475238,17519366,6669543.422,20282081546.0,True,101478000000000.0,4,101000000000000.0,4,12,8.83590924,18100000000.0,96000000000.0,50100000000.0,0.000493,4444204546.0,15127796891,INCREASING_WIDTH
179,satris8180,SATRIS,8180,1491286,17748696,6716072.44,54937472559.0,True,1649960000000.0,4,1650000000000.0,4,12,8.850122249,183000000.0,981000000.0,504000000.0,0.000306,7498959843.0,26561554134,INCREASING_WIDTH
